,gram_count,document_count,Average_freq
temraz,92,2,46.0
keane,114,2,57.0
counterfactual,293,2,146.5
data,665,6,110.83333333333333
augmentation,193,2,96.5
abstract,3,3,1.0
learning,339,6,56.5
from,290,6,48.333333333333336
class,665,6,110.83333333333333
imbalanced,237,6,39.5
datasets,201,6,33.5
poses,5,3,1.6666666666666667
challenges,9,5,1.8
for,930,6,155.0
many,54,5,10.8
machine,94,6,15.666666666666666
algorithms,79,6,13.166666666666666
domains,19,4,4.75
are,380,6,63.333333333333336
by,241,6,40.166666666666664
definition,11,3,3.6666666666666665
virtue,2,2,1.0
of,1776,6,296.0
having,6,3,2.0
a,1013,6,168.83333333333334
majority,218,6,36.333333333333336
that,651,6,108.5
naturally,8,4,2.0
has,97,6,16.166666666666668
more,134,6,22.333333333333332
instances,237,6,39.5
than,111,6,18.5
its,75,6,12.5
minority,459,6,76.5
genuine,2,2,1.0
bank,2,2,1.0
transactions,40,6,6.666666666666667
occur,6,4,1.5
much,16,5,3.2
often,19,4,4.75
fraudulent,4,2,2.0
ones,12,5,2.4
methods,184,6,30.666666666666668
have,114,6,19.0
been,95,6,15.833333333333334
proposed,53,6,8.833333333333334
to,1239,6,206.5
solve,16,5,3.2
the,3887,6,647.8333333333334
imbalance,122,6,20.333333333333332
problem,175,6,29.166666666666668
among,13,6,2.1666666666666665
most,74,6,12.333333333333334
popular,13,6,2.1666666666666665
being,36,5,7.2
oversampling,75,6,12.5
techniques,76,6,12.666666666666666
such,59,6,9.833333333333334
as,342,6,57.0
smote,355,6,59.166666666666664
these,139,6,23.166666666666668
synthetic,206,6,34.333333333333336
in,1316,6,219.33333333333334
balance,9,5,1.8
dataset,280,6,46.666666666666664
performing,13,5,2.6
augmentations,2,2,1.0
improve,38,6,6.333333333333333
performance,133,6,22.166666666666668
predictive,6,2,3.0
ml,24,3,8.0
models,34,3,11.333333333333334
this,446,6,74.33333333333333
paper,59,6,9.833333333333334
we,238,6,39.666666666666664
advance,2,2,1.0
novel,14,4,3.5
method,236,6,39.333333333333336
adapted,5,3,1.6666666666666667
explainable,12,2,6.0
ai,20,4,5.0
generates,28,4,7.0
unlike,7,4,1.75
other,117,6,19.5
adaptively,13,3,4.333333333333333
combines,5,4,1.25
using,200,6,33.333333333333336
actual,9,3,3.0
rather,27,6,4.5
interpolating,6,3,2.0
values,90,5,18.0
between,132,6,22.0
several,53,6,8.833333333333334
experiments,30,6,5.0
four,34,6,5.666666666666667
different,119,6,19.833333333333332
classifiers,52,4,13.0
and,1292,6,215.33333333333334
solving,7,3,2.3333333333333335
mohammed,2,2,1.0
mark,3,3,1.0
school,5,4,1.25
computer,30,6,5.0
science,24,5,4.8
university,23,5,4.6
college,6,2,3.0
dublin,12,2,6.0
belfield,6,2,3.0
ireland,14,2,7.0
insight,18,3,6.0
centre,8,2,4.0
analytics,5,3,1.6666666666666667
vistamilk,4,2,2.0
sfi,8,2,4.0
research,45,6,7.5
reported,13,4,3.25
which,174,6,29.0
show,32,5,6.4
cfa,140,2,70.0
useful,20,5,4.0
datapoints,21,2,10.5
also,96,6,16.0
is,745,6,124.16666666666667
competitive,8,5,1.6
with,371,6,61.833333333333336
variants,44,2,22.0
basis,11,4,2.75
s,160,6,26.666666666666668
discussed,7,4,1.75
along,13,4,3.25
conditions,12,4,3.0
under,48,6,8.0
it,224,6,37.333333333333336
likely,36,6,6.0
perform,19,6,3.1666666666666665
better,77,6,12.833333333333334
or,109,6,18.166666666666668
worse,4,3,1.3333333333333333
future,17,6,2.8333333333333335
tests,15,4,3.75
keywords,3,3,1.0
reasoning,18,2,9.0
introduction,6,4,1.5
create,17,5,3.4
significant,10,3,3.3333333333333335
problems,69,6,11.5
classification,102,4,25.5
tasks,9,3,3.0
classically,2,2,1.0
arises,5,4,1.25
binary,23,4,5.75
when,123,6,20.5
comes,7,3,2.3333333333333335
one,156,6,26.0
less,25,6,4.166666666666667
instance,127,4,31.75
always,5,5,1.0
simply,5,3,1.6666666666666667
because,39,6,6.5
latter,6,4,1.5
rarer,2,2,1.0
former,3,3,1.0
given,64,6,10.666666666666666
way,26,5,5.2
classifier,89,4,22.25
can,208,6,34.666666666666664
be,393,6,65.5
compromised,3,3,1.0
ways,11,4,2.75
may,72,6,12.0
poor,6,4,1.5
accuracy,43,6,7.166666666666667
predicting,15,5,3.0
spuriously,4,2,2.0
high,26,6,4.333333333333333
whole,8,4,2.0
based,105,6,17.5
only,49,5,9.8
on,526,6,87.66666666666667
success,13,3,4.333333333333333
result,24,6,4.0
rule,29,6,4.833333333333333
induction,10,4,2.5
decision,65,5,13.0
trees,15,5,3.0
recognized,4,3,1.3333333333333333
application,21,6,3.5
medical,6,5,1.2
diagnosis,5,4,1.25
fraud,11,6,1.8333333333333333
detection,27,6,4.5
text,12,4,3.0
oil,8,5,1.6
spills,8,5,1.6
satellite,8,5,1.6
radar,9,4,2.25
images,15,6,2.5
notably,11,3,3.6666666666666665
recently,10,3,3.3333333333333335
some,75,6,12.5
proved,3,3,1.0
deep,9,3,3.0
new,89,6,14.833333333333334
points,43,6,7.166666666666667
need,21,6,3.5
generated,76,6,12.666666666666666
large,28,6,4.666666666666667
labelled,3,3,1.0
required,4,4,1.0
literature,28,4,7.0
important,34,6,5.666666666666667
approaches,42,6,7.0
emerged,6,2,3.0
deal,8,4,2.0
solutions,25,6,4.166666666666667
at,64,6,10.666666666666666
algorithm,124,6,20.666666666666668
levels,8,4,2.0
level,30,5,6.0
attempt,2,2,1.0
change,21,4,5.25
distribution,77,6,12.833333333333334
original,53,6,8.833333333333334
typically,12,5,2.4
either,12,3,4.0
oversample,8,3,2.6666666666666665
undersample,4,2,2.0
sample,43,6,7.166666666666667
combination,33,6,5.5
both,50,6,8.333333333333334
specifically,14,2,7.0
technique,63,6,10.5
become,7,5,1.4
very,48,6,8.0
issues,18,6,3.0
traditional,8,5,1.6
applied,37,6,6.166666666666667
learners,7,3,2.3333333333333335
aim,6,4,1.5
modify,3,3,1.0
used,142,6,23.666666666666668
mitigate,4,2,2.0
their,77,6,12.833333333333334
bias,9,5,1.8
towards,3,3,1.0
groups,17,4,4.25
involve,5,3,1.6666666666666667
use,71,6,11.833333333333334
ensemble,22,6,3.6666666666666665
explore,9,4,2.25
approach,74,6,12.333333333333334
an,148,6,24.666666666666668
interestingly,4,2,2.0
was,97,6,16.166666666666668
previously,7,5,1.4
developed,17,4,4.25
xai,60,2,30.0
reviews,4,2,2.0
see,79,5,15.8
logic,5,3,1.6666666666666667
lewis,4,2,2.0
counterfactuals,69,2,34.5
closest,11,4,2.75
possible,11,5,2.2
world,14,5,2.8
current,32,6,5.333333333333333
outcome,7,2,3.5
hence,19,4,4.75
intuition,7,3,2.3333333333333335
behind,6,5,1.2
not,135,6,22.5
interpolated,6,2,3.0
close,33,3,11.0
existing,33,5,6.6
thus,17,6,2.8333333333333335
populating,2,2,1.0
plausible,18,2,9.0
adaptations,4,2,2.0
if,76,6,12.666666666666666
correct,7,5,1.4
then,90,6,15.0
should,39,6,6.5
perhaps,9,4,2.25
advances,15,5,3.0
related,43,6,7.166666666666667
work,37,6,6.166666666666667
present,23,6,3.8333333333333335
two,76,6,12.666666666666666
strands,2,2,1.0
i,96,6,16.0
sampling,84,6,14.0
ii,31,5,6.2
dominated,2,2,1.0
three,28,5,5.6
main,21,5,4.2
random,58,6,9.666666666666666
ros,6,2,3.0
rus,6,2,3.0
balanced,12,6,2.0
randomly,26,6,4.333333333333333
adding,6,4,1.5
multiple,28,6,4.666666666666667
copies,5,3,1.6666666666666667
classes,123,6,20.5
training,116,6,19.333333333333332
whereas,11,4,2.75
certain,15,6,2.5
number,116,6,19.333333333333332
examples,155,6,25.833333333333332
removed,5,3,1.6666666666666667
although,22,6,3.6666666666666665
they,107,6,17.833333333333332
since,50,6,8.333333333333334
merely,3,3,1.0
no,79,6,13.166666666666666
information,53,6,8.833333333333334
added,9,3,3.0
lead,11,4,2.75
overfitting,3,3,1.0
hand,9,5,1.8
removes,4,3,1.3333333333333333
discarded,3,3,1.0
third,17,6,2.8333333333333335
option,4,3,1.3333333333333333
adopts,4,3,1.3333333333333333
somewhat,3,3,1.0
baseline,28,3,9.333333333333334
comparisons,9,4,2.25
briefly,11,3,3.6666666666666665
describe,8,2,4.0
detail,8,5,1.6
here,9,4,2.25
section,51,5,10.2
before,26,5,5.2
going,3,3,1.0
finally,25,5,5.0
sketch,4,2,2.0
recent,12,6,2.0
small,31,6,5.166666666666667
begun,2,2,1.0
apply,14,4,3.5
oversamples,5,2,2.5
creating,9,5,1.8
replacement,2,2,1.0
widely,6,4,1.5
google,2,2,1.0
scholar,3,3,1.0
lists,2,2,1.0
over,43,6,7.166666666666667
citations,4,3,1.3333333333333333
example,87,6,14.5
created,14,5,2.8
instead,17,6,2.8333333333333335
copying,2,2,1.0
avoids,3,3,1.0
creates,3,2,1.5
neighborhoods,2,2,1.0
surrounding,3,3,1.0
works,13,4,3.25
follows,19,6,3.1666666666666665
assume,14,5,2.8
洧녞,15,2,7.5
starts,2,2,1.0
selecting,5,5,1.0
洧녷,89,2,44.5
determines,4,3,1.3333333333333333
洧녴,26,2,13.0
nearest,85,6,14.166666666666666
neighbors,72,5,14.4
after,14,6,2.3333333333333335
determining,5,3,1.6666666666666667
selects,5,3,1.6666666666666667
neighbor,29,6,4.833333333333333
where,93,6,15.5
following,17,5,3.4
formula,2,2,1.0
洧,4,2,2.0
potential,7,4,1.75
generation,49,6,8.166666666666666
done,19,5,3.8
without,21,5,4.2
reference,5,3,1.6666666666666667
indeed,17,4,4.25
any,33,6,5.5
consideration,15,2,7.5
others,12,5,2.4
process,38,6,6.333333333333333
another,31,6,5.166666666666667
issue,29,6,4.833333333333333
introduce,8,5,1.6
noise,40,5,8.0
generating,34,5,6.8
do,39,6,6.5
exist,11,6,1.8333333333333333
domain,15,4,3.75
value,42,6,7.0
could,65,6,10.833333333333334
accordingly,7,4,1.75
extensions,2,2,1.0
made,19,4,4.75
operation,6,4,1.5
review,19,6,3.1666666666666665
reveal,2,2,1.0
how,29,5,5.8
differs,3,3,1.0
key,22,4,5.5
insights,9,3,3.0
there,65,6,10.833333333333334
about,21,4,5.25
so,91,6,15.166666666666666
hinge,2,2,1.0
regions,32,6,5.333333333333333
emphasise,2,2,1.0
importance,13,4,3.25
focusing,5,5,1.0
border,6,4,1.5
region,17,5,3.4
sometimes,8,2,4.0
analyze,2,2,1.0
respect,20,5,4.0
guide,10,2,5.0
selected,25,5,5.0
critical,12,3,4.0
improvement,7,4,1.75
hinges,4,2,2.0
all,138,6,23.0
equal,18,5,3.6
safer,6,4,1.5
within,44,6,7.333333333333333
clusters,22,4,5.5
into,58,6,9.666666666666666
k,73,6,12.166666666666666
assumption,7,4,1.75
generate,60,6,10.0
solution,14,4,3.5
versions,3,3,1.0
dbscan,2,2,1.0
clustering,18,3,6.0
identify,9,4,2.25
safe,7,3,2.3333333333333335
representative,10,3,3.3333333333333335
project,10,4,2.5
lower,13,4,3.25
dimension,6,4,1.5
applying,23,6,3.8333333333333335
found,37,6,6.166666666666667
somo,4,2,2.0
uses,25,4,6.25
map,25,5,5.0
transform,2,2,1.0
space,145,6,24.166666666666668
embedding,4,2,2.0
separable,19,4,4.75
still,8,4,2.0
adasyn,140,4,35.0
defines,2,2,1.0
geometric,9,4,2.25
around,5,3,1.6666666666666667
each,179,6,29.833333333333332
he,30,6,5.0
et,49,4,12.25
al,42,4,10.5
according,29,5,5.8
harder,2,2,1.0
learn,24,5,4.8
compared,26,6,4.333333333333333
easier,6,3,2.0
belong,8,5,1.6
however,58,6,9.666666666666666
owe,2,2,1.0
lot,6,4,1.5
namely,10,2,5.0
boundary,76,6,12.666666666666666
particularly,9,5,1.8
borderline,15,5,3.0
idea,25,5,5.0
differently,4,2,2.0
owes,2,2,1.0
successful,8,4,2.0
help,11,4,2.75
han,13,5,2.6
realized,6,4,1.5
again,11,5,2.2
洧녦,7,2,3.5
set,122,6,20.333333333333332
every,8,5,1.6
calculates,3,3,1.0
noted,13,4,3.25
called,14,4,3.5
step,28,4,7.0
considered,21,6,3.5
next,16,4,4.0
larger,8,4,2.0
will,97,6,16.166666666666668
easily,6,5,1.2
put,6,2,3.0
danger,6,2,3.0
does,57,6,9.5
participate,2,2,1.0
subsequent,2,2,1.0
steps,16,4,4.0
contains,5,4,1.25
them,33,6,5.5
exploited,2,2,1.0
svm,37,5,7.4
approximate,4,4,1.0
lines,3,3,1.0
joining,3,3,1.0
interpolation,9,5,1.8
extrapolation,2,2,1.0
similar,30,6,5.0
vein,5,3,1.6666666666666667
divides,2,2,1.0
security,2,2,1.0
latent,2,2,1.0
treats,2,2,1.0
adjust,3,3,1.0
rate,29,6,4.833333333333333
those,21,6,3.5
further,11,6,1.8333333333333333
raises,2,2,1.0
questions,2,2,1.0
relationship,12,4,3.0
leading,3,3,1.0
underlying,13,6,2.1666666666666665
considering,22,5,4.4
area,15,5,3.0
becomes,7,4,1.75
apparent,4,2,2.0
borderlines,2,2,1.0
explored,7,3,2.3333333333333335
earlier,8,4,2.0
saw,4,2,2.0
interpolate,2,2,1.0
preponderance,2,2,1.0
adysyn,2,2,1.0
take,13,5,2.6
account,12,4,3.0
finds,10,2,5.0
pairs,22,3,7.333333333333333
low,6,5,1.2
euclidean,22,5,4.4
distance,50,6,8.333333333333334
tomek,13,4,3.25
link,9,4,2.25
pair,23,5,4.6
removing,2,2,1.0
attempts,4,4,1.0
involving,8,4,2.0
edited,5,4,1.25
neighbour,6,2,3.0
swim,8,2,4.0
explicit,2,2,1.0
analyses,10,4,2.5
analysis,40,6,6.666666666666667
computing,24,6,4.0
score,15,4,3.75
safety,2,2,1.0
frequency,4,3,1.3333333333333333
neighbours,19,3,6.333333333333333
ratio,43,5,8.6
finer,2,2,1.0
shown,32,5,6.4
adopt,6,3,2.0
leveraging,4,2,2.0
density,5,3,1.6666666666666667
mahalanobis,2,2,1.0
distances,17,5,3.4
requiring,2,2,1.0
seeds,2,2,1.0
essentially,6,4,1.5
topology,4,2,2.0
takes,7,5,1.4
similarities,3,3,1.0
rough,4,2,2.0
sets,101,6,16.833333333333332
additional,10,5,2.0
acts,4,2,2.0
like,20,5,4.0
might,16,5,3.2
paying,2,2,1.0
attention,9,6,1.5
play,6,3,2.0
role,11,4,2.75
later,4,2,2.0
while,18,5,3.6
reflect,2,2,1.0
out,21,4,5.25
quite,19,3,6.333333333333333
above,7,4,1.75
operates,4,2,2.0
but,57,6,9.5
first,23,6,3.8333333333333335
deploy,2,2,1.0
explain,5,3,1.6666666666666667
predictions,7,4,1.75
provide,27,6,4.5
algorithmic,4,2,2.0
recourse,4,2,2.0
trying,8,5,1.6
automated,8,2,4.0
decisions,4,2,2.0
classic,4,3,1.3333333333333333
system,21,4,5.25
refuses,2,2,1.0
person,2,2,1.0
loan,20,2,10.0
asks,2,2,1.0
why,13,4,3.25
counterfactually,13,2,6.5
you,4,2,2.0
shorter,2,2,1.0
term,3,3,1.0
would,46,6,7.666666666666667
granted,8,2,4.0
explanation,10,2,5.0
tells,5,3,1.6666666666666667
users,4,2,2.0
what,16,4,4.0
desire,2,2,1.0
researched,4,4,1.0
time,29,6,4.833333333333333
diverse,12,2,6.0
names,1,1,1.0
past,2,2,1.0
nuns,2,2,1.0
inverse,8,3,2.6666666666666665
classifications,5,3,1.6666666666666667
hot,4,3,1.3333333333333333
topic,6,3,2.0
appear,2,2,1.0
psychological,6,2,3.0
benefits,10,4,2.5
people,6,2,3.0
understand,2,2,1.0
legal,2,2,1.0
said,14,3,4.666666666666667
gdpr,4,2,2.0
compliant,2,2,1.0
optimization,15,4,3.75
currently,8,4,2.0
test,95,6,15.833333333333334
encoding,2,2,1.0
refusal,2,2,1.0
search,18,5,3.6
perturbations,2,2,1.0
query,8,4,2.0
loss,7,4,1.75
function,46,6,7.666666666666667
balances,1,1,1.0
proximity,4,2,2.0
against,16,5,3.2
counters,2,2,1.0
scaled,2,2,1.0
wachter,8,2,4.0
seminal,2,2,1.0
gradient,5,3,1.6666666666666667
descent,2,2,1.0
find,25,4,6.25
best,48,5,9.6
though,14,4,3.5
genetic,6,3,2.0
mothilal,8,2,4.0
explanations,16,2,8.0
dice,4,2,2.0
extension,7,3,2.3333333333333335
candidates,4,2,2.0
avoiding,3,3,1.0
were,78,6,13.0
trivial,6,3,2.0
blind,2,2,1.0
perturbation,2,2,1.0
invalid,2,2,1.0
defect,2,2,1.0
potentially,5,5,1.0
serious,6,3,2.0
suggests,6,2,3.0
populate,2,2,1.0
negative,53,6,8.833333333333334
effects,7,4,1.75
part,20,6,3.3333333333333335
case,76,6,12.666666666666666
xc,2,2,1.0
captures,2,2,1.0
opposing,2,2,1.0
side,8,3,2.6666666666666665
constraint,14,2,7.0
differ,7,3,2.3333333333333335
contain,4,4,1.0
cases,55,6,9.166666666666666
old,6,2,3.0
female,2,2,1.0
accountant,4,2,2.0
earning,8,3,2.6666666666666665
who,7,3,2.3333333333333335
refused,6,2,3.0
differences,35,5,7.0
italics,3,3,1.0
explanatory,6,2,3.0
implicitly,3,3,1.0
earns,2,2,1.0
am,4,2,2.0
male,3,2,1.5
teacher,2,2,1.0
suggest,7,4,1.75
earned,2,2,1.0
context,10,5,2.0
appears,4,4,1.0
avoid,5,3,1.6666666666666667
pitfalls,2,2,1.0
arise,5,3,1.6666666666666667
perspective,8,2,4.0
seen,28,4,7.0
supporting,2,2,1.0
creation,2,2,1.0
known,21,5,4.2
few,8,5,1.6
subsection,10,3,3.3333333333333335
beyond,5,4,1.25
our,54,5,10.8
hypothesis,32,4,8.0
now,7,4,1.75
papers,14,4,3.5
handful,2,2,1.0
consider,22,5,4.4
evaluating,7,4,1.75
suggested,8,4,2.0
good,47,5,9.4
substitute,2,2,1.0
calling,2,2,1.0
parallel,10,3,3.3333333333333335
did,9,3,3.0
student,5,3,1.6666666666666667
hasan,4,2,2.0
tried,5,3,1.6666666666666667
determine,13,4,3.25
whether,21,4,5.25
augmented,4,2,2.0
act,2,2,1.0
proxy,2,2,1.0
modest,2,2,1.0
selection,36,5,7.2
areas,6,5,1.2
circled,2,2,1.0
subbaswamy,4,2,2.0
saria,4,2,2.0
shift,8,3,2.6666666666666665
divergence,2,2,1.0
model,30,6,5.0
trained,6,3,2.0
tested,15,3,5.0
notion,10,4,2.5
risk,8,4,2.0
diagnose,2,2,1.0
causal,6,2,3.0
zeng,5,3,1.6666666666666667
generator,4,2,2.0
improved,18,6,3.0
generalizability,4,2,2.0
limited,2,2,1.0
observational,2,2,1.0
pitis,4,2,2.0
coda,4,2,2.0
experiences,3,3,1.0
reinforcement,2,2,1.0
rl,4,2,2.0
increases,8,6,1.3333333333333333
size,24,6,4.0
available,12,6,2.0
stitching,2,2,1.0
subsamples,2,2,1.0
environment,4,4,1.0
significantly,6,2,3.0
agents,4,3,1.3333333333333333
conditioned,2,2,1.0
settings,4,3,1.3333333333333333
bespoke,2,2,1.0
specific,11,3,3.6666666666666665
task,7,5,1.4
therefore,32,6,5.333333333333333
robustness,9,4,2.25
study,29,6,4.833333333333333
prediction,33,6,5.5
involved,8,4,2.0
grass,15,3,5.0
growth,14,4,3.5
relies,11,4,2.75
historical,14,2,7.0
measurements,6,2,3.0
climate,12,2,6.0
dairy,6,2,3.0
farms,6,2,3.0
covering,5,4,1.25
reasonably,2,2,1.0
well,38,6,6.333333333333333
individual,8,5,1.6
coming,3,3,1.0
week,2,2,1.0
increasing,7,5,1.4
events,13,3,4.333333333333333
diverge,2,2,1.0
recorded,4,2,2.0
extreme,7,5,1.4
weather,2,2,1.0
variables,3,2,1.5
solar,4,2,2.0
soil,9,3,3.0
moisture,4,2,2.0
drought,2,2,1.0
across,25,5,5.0
europe,2,2,1.0
effectively,4,4,1.0
halted,2,2,1.0
during,4,4,1.0
usually,13,5,2.6
july,5,3,1.6666666666666667
drops,2,2,1.0
stops,2,2,1.0
growing,3,3,1.0
radiation,2,2,1.0
burn,2,2,1.0
months,2,2,1.0
historically,2,2,1.0
unique,5,4,1.25
defined,8,2,4.0
division,2,2,1.0
normal,7,4,1.75
standard,29,5,5.8
deviations,4,2,2.0
means,15,6,2.5
unpublished,2,2,1.0
reports,2,2,1.0
identical,7,4,1.75
showed,15,3,5.0
considers,7,5,1.4
remains,5,3,1.6666666666666667
generalizes,3,3,1.0
remainder,3,3,1.0
motivated,7,4,1.75
observation,4,4,1.0
seemed,4,2,2.0
purposes,10,4,2.5
furthermore,10,4,2.5
evaluation,19,5,3.8
metrics,42,6,7.0
generally,16,5,3.2
valid,8,2,4.0
promising,3,3,1.0
avenue,2,2,1.0
simple,10,6,1.6666666666666667
scenario,3,3,1.0
imbalances,22,4,5.5
imagine,4,2,2.0
predict,16,5,3.2
farm,2,2,1.0
animals,2,2,1.0
healthy,8,2,4.0
fall,6,5,1.2
ill,4,2,2.0
mastitis,4,2,2.0
cows,8,2,4.0
recording,2,2,1.0
herd,2,2,1.0
tend,7,3,2.3333333333333335
shows,34,5,6.8
breed,6,2,3.0
age,9,3,3.0
classed,4,2,2.0
paired,18,3,6.0
same,37,6,6.166666666666667
times,5,5,1.0
call,2,2,1.0
native,54,2,27.0
us,11,6,1.8333333333333333
difference,26,5,5.2
feature,128,6,21.333333333333332
cow,4,2,2.0
want,2,2,1.0
fix,2,2,1.0
pick,5,4,1.25
needs,6,2,3.0
verified,2,2,1.0
smyth,15,2,7.5
rare,19,5,3.8
tolerance,20,2,10.0
increased,9,5,1.8
describes,2,2,1.0
iteratively,2,2,1.0
results,130,6,21.666666666666668
formally,5,3,1.6666666666666667
figure,23,2,11.5
unpaired,16,2,8.0
洧눛,16,2,8.0
grey,7,3,2.3333333333333335
circle,8,2,4.0
blue,4,2,2.0
taking,6,4,1.5
洧눇洧눊,6,2,3.0
洧눔,18,2,9.0
pairing,4,2,2.0
yellow,2,2,1.0
box,10,2,5.0
green,4,2,2.0
combining,11,6,1.8333333333333333
洧녫洧녭,17,2,8.5
洧논,70,2,35.0
initially,3,3,1.0
computed,8,3,2.6666666666666665
洧녢,4,2,2.0
identifying,4,3,1.3333333333333333
combinations,4,2,2.0
iii,21,4,5.25
produced,10,4,2.5
features,35,6,5.833333333333333
definitions,4,2,2.0
洧녫洧녳洧녩洧멇롐만fg,6,2,3.0
洧녫洧녳洧녩洧멇롐만,6,2,3.0
洧논j,4,2,2.0
洧논k,4,2,2.0
洧논l,4,2,2.0
洧녷j,4,2,2.0
洧녷k,4,2,2.0
洧녷l,4,2,2.0
洧노洧녩洧洧녮洧뉧롐,3,2,1.5
belongs,8,3,2.6666666666666665
procedure,32,6,5.333333333333333
compute,7,3,2.3333333333333335
already,11,3,3.6666666666666665
words,4,3,1.3333333333333333
sense,10,4,2.5
x,38,4,9.5
neighboring,3,3,1.0
come,3,2,1.5
finding,11,3,3.6666666666666665
ed,6,3,2.0
ke,2,2,1.0
transfer,2,2,1.0
洧냜o,2,2,1.0
identified,4,2,2.0
parameter,29,6,4.833333333333333
availability,3,3,1.0
fewer,9,3,3.0
generative,4,2,2.0
diminish,4,2,2.0
computes,1,1,1.0
mean,35,6,5.833333333333333
洧랞,2,2,1.0
deviation,10,3,3.3333333333333335
洧랥,2,2,1.0
allows,3,3,1.0
match,5,3,1.6666666666666667
subtle,2,2,1.0
distinguish,5,3,1.6666666666666667
version,19,6,3.1666666666666665
counterpart,2,2,1.0
reasons,3,3,1.0
grounds,4,2,2.0
researchers,7,5,1.4
argue,2,2,1.0
sparse,10,4,2.5
understandable,2,2,1.0
confirmed,2,2,1.0
user,3,3,1.0
studies,10,6,1.6666666666666667
basing,2,2,1.0
makes,9,5,1.8
implicit,2,2,1.0
dependencies,2,2,1.0
matched,3,3,1.0
preserved,4,3,1.3333333333333333
second,23,6,3.8333333333333335
contexts,2,2,1.0
explained,2,2,1.0
residual,2,2,1.0
left,2,2,1.0
consistent,6,3,2.0
addresses,3,3,1.0
records,3,3,1.0
minimal,7,4,1.75
pairings,6,2,3.0
exploiting,2,2,1.0
relationships,3,3,1.0
highly,13,5,2.6
selective,2,2,1.0
ferent,5,3,1.6666666666666667
respects,3,3,1.0
template,2,2,1.0
rely,4,2,2.0
local,11,3,3.6666666666666665
relation,11,5,2.2
single,18,6,3.0
represents,15,6,2.5
departure,2,2,1.0
relative,20,6,3.3333333333333335
competitively,2,2,1.0
benchmark,4,2,2.0
six,8,2,4.0
chosen,16,4,4.0
conceptual,2,2,1.0
closeness,2,2,1.0
popularity,3,3,1.0
amongst,2,2,1.0
keel,8,3,2.6666666666666665
including,15,6,2.5
forest,9,3,3.0
rf,26,2,13.0
logistic,5,3,1.6666666666666667
regression,8,4,2.0
lr,26,2,13.0
multilayer,5,3,1.6666666666666667
perceptron,5,3,1.6666666666666667
mlp,32,3,10.666666666666666
alternative,6,5,1.2
boundaries,6,4,1.5
impact,4,4,1.0
heavily,3,3,1.0
measures,10,5,2.0
assess,9,4,2.25
precision,26,4,6.5
recall,50,6,8.333333333333334
plots,2,2,1.0
roc,73,5,14.6
curves,32,4,8.0
setup,3,3,1.0
table,104,6,17.333333333333332
characteristics,16,5,3.2
drawn,4,3,1.3333333333333333
uci,15,5,3.0
repositories,2,2,1.0
focus,15,6,2.5
converted,4,2,2.0
ovo,4,2,2.0
ovr,4,2,2.0
conversion,2,2,1.0
splits,2,2,1.0
predicts,2,2,1.0
treated,12,3,4.0
positive,60,6,10.0
modified,12,3,4.0
per,3,3,1.0
vary,3,3,1.0
base,13,4,3.25
abalone,24,4,6.0
analyzed,5,3,1.6666666666666667
physical,2,2,1.0
consisting,6,2,3.0
glass,10,3,3.3333333333333335
classify,14,4,3.5
chemical,2,2,1.0
treat,2,2,1.0
yeast,12,5,2.4
cellular,2,2,1.0
localization,4,2,2.0
sites,4,2,2.0
proteins,4,2,2.0
pima,7,3,2.3333333333333335
indians,2,2,1.0
diabetes,4,2,2.0
patient,2,2,1.0
diagnostic,2,2,1.0
included,9,4,2.25
phoneme,13,3,4.333333333333333
nasal,3,3,1.0
oral,3,3,1.0
sounds,4,3,1.3333333333333333
vehicle,15,3,5.0
silhouette,4,2,2.0
types,5,4,1.25
van,5,4,1.25
ecoli,5,3,1.6666666666666667
amino,2,2,1.0
acid,2,2,1.0
sequences,2,2,1.0
cell,4,4,1.0
blocks,2,2,1.0
page,3,3,1.0
layout,2,2,1.0
document,3,3,1.0
detected,2,2,1.0
segmentation,2,2,1.0
wine,13,3,4.333333333333333
quality,15,3,5.0
red,5,3,1.6666666666666667
white,4,2,2.0
vinho,2,2,1.0
verde,2,2,1.0
samples,60,6,10.0
physicochemical,2,2,1.0
poker,4,2,2.0
hands,2,2,1.0
overall,20,5,4.0
cross,2,2,1.0
validation,7,3,2.3333333333333335
partitioned,3,3,1.0
disjoint,3,3,1.0
subsets,4,2,2.0
subset,11,5,2.2
retained,3,3,1.0
remaining,11,5,2.2
details,8,4,2.0
split,6,4,1.5
folds,4,2,2.0
fold,4,2,2.0
train,6,4,1.5
validate,5,4,1.25
run,8,5,1.6
through,41,6,6.833333333333333
testing,14,6,2.3333333333333335
until,6,4,1.5
fully,2,2,1.0
optimal,20,5,4.0
hyperparameters,2,2,1.0
tuning,21,5,4.2
gridsearchcv,4,2,2.0
performs,13,5,2.6
hyperparameter,6,2,3.0
achieve,10,5,2.0
grid,8,3,2.6666666666666665
parameters,28,5,5.6
ran,2,2,1.0
full,9,4,2.25
description,7,3,2.3333333333333335
learner,13,4,3.25
洧녴洧녩洧논r,2,2,1.0
洧녵,2,2,1.0
xuyz,4,2,2.0
洧녴洧녩洧논,2,2,1.0
t,108,6,18.0
洧녲,2,2,1.0
f,53,6,8.833333333333334
experiment,13,6,2.1666666666666665
id,4,4,1.0
ir,6,3,2.0
labels,6,4,1.5
represented,8,6,1.3333333333333333
confusion,23,5,4.6
matrix,78,6,13.0
summarizes,4,3,1.3333333333333333
outcomes,8,3,2.6666666666666665
true,27,6,4.5
tp,22,5,4.4
tn,11,5,2.2
false,16,5,3.2
fp,19,5,3.8
fn,10,4,2.5
measure,10,5,2.0
strategies,8,6,1.3333333333333333
auc,68,5,13.6
洧녢洧녞,7,2,3.5
洧냢洧녣洧냤,2,2,1.0
receiver,5,4,1.25
operating,5,4,1.25
characteristic,5,4,1.25
curve,34,5,6.8
evaluate,10,4,2.5
graph,5,4,1.25
plotted,6,3,2.0
advantage,5,5,1.0
affected,4,4,1.0
figures,2,2,1.0
predicted,5,4,1.25
p,84,6,14.0
n,92,6,15.333333333333334
scores,8,2,4.0
lies,5,4,1.25
discussion,8,5,1.6
tables,8,4,2.0
report,7,4,1.75
metric,24,6,4.0
had,12,2,6.0
highest,16,3,5.333333333333333
observed,9,5,1.8
achieved,19,5,3.8
greater,9,5,1.8
doing,11,4,2.75
make,11,5,2.2
contribution,4,4,1.0
seems,6,4,1.5
contributes,2,2,1.0
improvements,6,4,1.5
total,15,4,3.75
noting,3,3,1.0
occasions,2,2,1.0
opposed,8,4,2.0
showing,6,2,3.0
b,68,5,13.6
c,46,6,7.666666666666667
d,63,6,10.5
general,13,6,2.1666666666666665
higher,13,6,2.1666666666666665
indicate,5,5,1.0
interesting,9,5,1.8
outperformed,8,2,4.0
similarly,4,3,1.3333333333333333
varied,6,4,1.5
sensitivity,7,5,1.4
specificity,1,1,1.0
presented,23,4,5.75
obtained,37,6,6.166666666666667
clearly,3,2,1.5
running,6,3,2.0
support,32,6,5.333333333333333
previous,11,6,1.8333333333333333
handling,18,5,3.6
evaluative,2,2,1.0
experience,4,2,2.0
backdrop,2,2,1.0
motivation,8,5,1.6
initial,7,5,1.4
dealing,13,4,3.25
drift,2,2,1.0
caused,5,3,1.6666666666666667
led,2,2,1.0
generality,4,2,2.0
wide,5,3,1.6666666666666667
range,10,4,2.5
ratios,11,6,1.8333333333333333
offsets,4,2,2.0
answer,3,3,1.0
ideas,4,3,1.3333333333333333
cbr,10,2,5.0
systems,44,6,7.333333333333333
operate,5,4,1.25
target,18,6,3.0
solved,5,5,1.0
adapting,2,2,1.0
city,2,2,1.0
my,2,2,1.0
apartment,3,2,1.5
retrieved,5,3,1.6666666666666667
adaptation,14,2,7.0
bridges,2,2,1.0
gap,4,3,1.3333333333333333
says,2,2,1.0
bathroom,2,2,1.0
worth,6,4,1.5
typical,4,3,1.3333333333333333
bring,2,2,1.0
closer,4,4,1.0
rules,16,3,5.333333333333333
learned,9,4,2.25
patterns,88,4,22.0
uplift,2,2,1.0
price,2,2,1.0
bridge,2,2,1.0
holes,2,2,1.0
providing,6,5,1.2
transformations,4,2,2.0
special,7,4,1.75
adaption,4,2,2.0
capture,3,3,1.0
changes,7,3,2.3333333333333335
stand,3,3,1.0
chance,5,4,1.25
prior,8,5,1.6
lack,4,4,1.0
constrained,5,3,1.6666666666666667
delivers,2,2,1.0
locally,6,2,3.0
predictively,2,2,1.0
looks,2,2,1.0
nature,15,6,2.5
limitations,5,3,1.6666666666666667
question,3,3,1.0
failure,5,4,1.25
think,2,2,1.0
fail,8,3,2.6666666666666665
encounter,2,2,1.0
immediately,2,2,1.0
clear,9,4,2.25
tolerances,4,2,2.0
fundamentally,4,2,2.0
depends,5,3,1.6666666666666667
rich,2,2,1.0
ability,5,4,1.25
hampered,2,2,1.0
indications,2,2,1.0
least,9,6,1.5
order,24,6,4.0
systematically,4,3,1.3333333333333333
percentage,7,4,1.75
affect,3,3,1.0
know,6,3,2.0
deliver,3,3,1.0
factor,5,5,1.0
robust,7,5,1.4
disruption,2,2,1.0
build,4,4,1.0
strong,3,3,1.0
originally,3,3,1.0
prefer,2,2,1.0
comprehend,2,2,1.0
rationale,2,2,1.0
produces,3,3,1.0
produce,8,4,2.0
remain,3,3,1.0
evidence,4,4,1.0
proposition,2,2,1.0
pilot,2,2,1.0
runs,22,5,4.4
fact,7,5,1.4
expect,2,2,1.0
numbers,7,5,1.4
final,5,4,1.25
allow,4,3,1.3333333333333333
uniformly,4,3,1.3333333333333333
scheme,4,3,1.3333333333333333
tailored,2,2,1.0
arose,2,2,1.0
chose,2,2,1.0
obviously,2,2,1.0
noisy,9,6,1.5
disimprove,2,2,1.0
note,26,5,5.2
forests,4,2,2.0
linear,18,4,4.5
worst,6,3,2.0
conclusion,4,4,1.0
handle,8,5,1.6
essence,2,2,1.0
discoveries,2,2,1.0
usefully,2,2,1.0
deployed,2,2,1.0
augment,3,3,1.0
successfully,2,2,1.0
outperform,12,5,2.4
differing,2,2,1.0
acknowledgements,2,2,1.0
publication,5,4,1.25
emanated,2,2,1.0
conducted,11,4,2.75
financial,2,2,1.0
foundation,3,3,1.0
grant,5,3,1.6666666666666667
department,9,5,1.8
agriculture,4,2,2.0
food,2,2,1.0
marine,2,2,1.0
behalf,2,2,1.0
government,2,2,1.0
references,5,5,1.0
aggarwal,2,2,1.0
chen,10,5,2.0
j,22,4,5.5
journal,41,6,6.833333333333333
technology,14,4,3.5
fernandez,8,2,4.0
luengo,4,2,2.0
derrac,2,2,1.0
garc칤a,6,4,1.5
s치nchez,3,3,1.0
herrera,16,4,4.0
software,2,2,1.0
tool,3,3,1.0
repository,12,4,3.0
integration,5,3,1.6666666666666667
experimental,6,4,1.5
framework,23,6,3.8333333333333335
soft,9,4,2.25
asuncion,3,3,1.0
newman,3,3,1.0
https,10,4,2.5
bache,2,2,1.0
lichman,3,3,1.0
batista,9,5,1.8
prati,8,5,1.6
monard,8,5,1.6
behavior,6,4,1.5
balancing,6,4,1.5
sigkdd,20,5,4.0
explor,3,3,1.0
bellinger,2,2,1.0
sharma,4,2,2.0
japkowicz,20,6,3.3333333333333335
za칦ane,2,2,1.0
knowledge,33,6,5.5
bishop,2,2,1.0
pattern,23,5,4.6
recognition,18,6,3.0
springer,13,3,4.333333333333333
blake,2,2,1.0
merz,2,2,1.0
databases,8,5,1.6
california,2,2,1.0
bunkhumpornpat,5,3,1.6666666666666667
sinapiromsaran,5,3,1.6666666666666667
lursinsap,5,3,1.6666666666666667
proceedings,68,5,13.6
conference,91,5,18.2
discovery,16,6,2.6666666666666665
mining,41,6,6.833333333333333
dbsmote,2,2,1.0
intelligence,46,6,7.666666666666667
chawla,21,6,3.5
bowyer,10,6,1.6666666666666667
hall,12,6,2.0
kegelmeyer,6,6,1.0
artificial,27,4,6.75
lazarevic,4,4,1.0
smoteboost,58,4,14.5
improving,13,5,2.6
boosting,57,5,11.4
pkdd,2,2,1.0
cristianini,5,4,1.25
vector,21,5,4.2
machines,23,6,3.8333333333333335
cambridge,7,4,1.75
uk,2,2,1.0
press,11,6,1.8333333333333333
dandl,2,2,1.0
molnar,2,2,1.0
binder,2,2,1.0
bischl,2,2,1.0
international,80,6,13.333333333333334
aquin,2,2,1.0
badra,2,2,1.0
lafrogne,2,2,1.0
lieber,2,2,1.0
napoli,2,2,1.0
szathmary,2,2,1.0
acquisition,2,2,1.0
twentieth,2,2,1.0
joint,19,6,3.1666666666666665
dasarathy,2,2,1.0
mcs,2,2,1.0
identification,7,4,1.75
design,12,5,2.4
ieee,72,6,12.0
man,10,6,1.6666666666666667
cybernetics,10,4,2.5
delaney,4,2,2.0
greene,2,2,1.0
series,5,3,1.6666666666666667
germany,8,2,4.0
douzas,4,2,2.0
bacao,4,2,2.0
expert,4,4,1.0
applications,23,6,3.8333333333333335
last,4,4,1.0
sciences,5,3,1.6666666666666667
elkan,2,2,1.0
foundations,2,2,1.0
seventeenth,2,2,1.0
garcia,15,4,3.75
progress,5,3,1.6666666666666667
marking,2,2,1.0
anniversary,2,2,1.0
jair,2,2,1.0
f칬rster,4,2,2.0
klier,4,2,2.0
kluge,4,2,2.0
sigler,4,2,2.0
artifical,2,2,1.0
really,2,2,1.0
appreciate,3,3,1.0
european,9,4,2.25
fostering,2,2,1.0
human,2,2,1.0
agency,4,2,2.0
icis,2,2,1.0
freund,6,4,1.5
schapire,6,4,1.5
generalization,6,4,1.5
galar,4,3,1.3333333333333333
barrenechea,4,3,1.3333333333333333
bustince,3,3,1.0
ensembles,9,5,1.8
kamber,2,2,1.0
concepts,8,5,1.6
wang,11,5,2.2
mao,5,5,1.0
intelligent,12,5,2.4
hanney,2,2,1.0
workshop,30,5,6.0
berlin,2,2,1.0
creative,2,2,1.0
inquiry,2,2,1.0
day,2,2,1.0
bai,4,4,1.0
li,11,4,2.75
adaptive,18,4,4.5
neural,54,5,10.8
networks,33,5,6.6
engineering,23,5,4.6
holte,8,4,2.0
acker,2,2,1.0
porter,2,2,1.0
concept,8,5,1.6
disjuncts,13,5,2.6
llth,2,2,1.0
hsu,2,2,1.0
lin,4,2,2.0
comparison,26,6,4.333333333333333
multiclass,9,4,2.25
hu,6,3,2.0
liang,2,2,1.0
ma,7,4,1.75
y,62,5,12.4
msmote,2,2,1.0
jeni,2,2,1.0
cohn,2,2,1.0
torre,2,2,1.0
facing,2,2,1.0
recommendations,2,2,1.0
humaine,2,2,1.0
association,3,3,1.0
affective,2,2,1.0
interaction,4,3,1.3333333333333333
jiang,3,3,1.0
lu,2,2,1.0
xia,2,2,1.0
arabian,2,2,1.0
karimi,2,2,1.0
barthe,2,2,1.0
sch칬lkopf,2,2,1.0
valera,2,2,1.0
survey,6,2,3.0
formulations,2,2,1.0
prospects,2,2,1.0
kenny,4,2,2.0
montreal,2,2,1.0
canada,5,4,1.25
kotsiantis,6,4,1.5
supervised,3,3,1.0
informatica,2,2,1.0
krawczyk,3,3,1.0
koziarski,2,2,1.0
wo콬niak,2,2,1.0
kubat,7,5,1.4
matwin,7,5,1.4
lash,2,2,1.0
street,2,2,1.0
robinson,2,2,1.0
ohlmann,2,2,1.0
generalized,3,3,1.0
siam,2,2,1.0
laugel,2,2,1.0
lesot,2,2,1.0
marsala,2,2,1.0
renard,2,2,1.0
detyniecki,2,2,1.0
dangers,2,2,1.0
interpretability,2,2,1.0
unjustified,2,2,1.0
john,3,3,1.0
wiley,6,4,1.5
sons,3,3,1.0
ling,2,2,1.0
direct,4,3,1.3333333333333333
marketing,2,2,1.0
fourth,7,4,1.75
kdd,2,2,1.0
addressing,9,5,1.8
complexity,20,4,5.0
evolutionally,1,1,1.0
underdamping,2,2,1.0
luo,2,2,1.0
liu,7,6,1.1666666666666667
fan,3,3,1.0
hybrid,7,3,2.3333333333333335
bmc,2,2,1.0
bioinformatics,3,3,1.0
maciejewski,2,2,1.0
stefanowski,2,2,1.0
neighbourhood,6,3,2.0
symposium,3,3,1.0
computational,29,6,4.833333333333333
cidm,2,2,1.0
mckenna,2,2,1.0
editing,2,2,1.0
tan,2,2,1.0
explaining,4,2,2.0
fairness,2,2,1.0
accountability,2,2,1.0
transparency,2,2,1.0
fat,2,2,1.0
ng,5,3,1.6666666666666667
yeung,2,2,1.0
yin,3,3,1.0
roli,2,2,1.0
diversified,2,2,1.0
undersampling,10,5,2.0
nguyen,3,3,1.0
cooper,3,3,1.0
kamei,3,3,1.0
paradigms,2,2,1.0
nugent,2,2,1.0
doyle,2,2,1.0
cunningham,2,2,1.0
gaining,3,3,1.0
creager,2,2,1.0
garg,2,2,1.0
factored,2,2,1.0
dynamics,2,2,1.0
processing,13,5,2.6
provost,8,4,2.0
aaai,7,4,1.75
prusty,2,2,1.0
jayanthi,2,2,1.0
velusamy,2,2,1.0
modification,3,3,1.0
event,4,3,1.3333333333333333
sodium,2,2,1.0
cooled,2,2,1.0
fast,7,5,1.4
reactors,2,2,1.0
nuclear,3,3,1.0
energy,3,3,1.0
ramentol,3,3,1.0
caballero,4,4,1.0
bello,3,3,1.0
preprocessing,5,3,1.6666666666666667
theory,8,4,2.0
ryan,2,2,1.0
g칰eret,2,2,1.0
berry,2,2,1.0
corcoran,2,2,1.0
mac,2,2,1.0
namee,2,2,1.0
illness,2,2,1.0
sustainable,2,2,1.0
onset,2,2,1.0
sandhan,2,2,1.0
choi,3,3,1.0
partially,2,2,1.0
guided,4,4,1.0
schleich,2,2,1.0
geng,2,2,1.0
zhang,10,4,2.5
suciu,2,2,1.0
geco,2,2,1.0
real,14,6,2.3333333333333335
arxiv,6,2,3.0
preprint,6,2,3.0
shorten,2,2,1.0
khoshgoftaar,2,2,1.0
image,10,4,2.5
big,14,3,4.666666666666667
interpretable,2,2,1.0
normalization,4,3,1.3333333333333333
proactively,2,2,1.0
mechanisms,7,3,2.3333333333333335
uncertainty,4,4,1.0
uai,2,2,1.0
tek,2,2,1.0
dempster,2,2,1.0
kale,2,2,1.0
parasite,2,2,1.0
thin,2,2,1.0
blood,2,2,1.0
film,2,2,1.0
malaria,2,2,1.0
vision,5,4,1.25
understanding,11,5,2.2
ruelle,2,2,1.0
shalloo,2,2,1.0
crop,3,3,1.0
uncertain,2,2,1.0
torres,2,2,1.0
deterministic,2,2,1.0
vapnik,2,2,1.0
statistical,17,4,4.25
mittelstadt,2,2,1.0
russell,2,2,1.0
opening,2,2,1.0
black,2,2,1.0
harvard,2,2,1.0
law,2,2,1.0
xu,2,2,1.0
signal,3,3,1.0
weiss,12,4,3.0
mccarthy,2,2,1.0
zabar,2,2,1.0
unbalanced,5,3,1.6666666666666667
unequal,6,5,1.2
error,11,5,2.2
costs,14,5,2.8
dmin,2,2,1.0
wen,3,3,1.0
sun,4,4,1.0
yang,8,5,1.6
song,2,2,1.0
gao,3,3,1.0
xue,2,2,1.0
huan,2,2,1.0
wong,3,3,1.0
gatt,2,2,1.0
stamatescu,2,2,1.0
mcdonnell,2,2,1.0
warp,2,2,1.0
digital,4,4,1.0
dicta,2,2,1.0
ye,2,2,1.0
leake,2,2,1.0
jalali,2,2,1.0
crandall,2,2,1.0
network,9,4,2.25
yun,2,2,1.0
ha,3,2,1.5
lee,3,3,1.0
automatic,2,2,1.0
determination,2,2,1.0
neighborhood,3,3,1.0
ubiquitous,2,2,1.0
management,7,4,1.75
communication,2,2,1.0
zhai,2,2,1.0
empirical,46,6,7.666666666666667
natural,8,5,1.6
language,2,2,1.0
zheng,5,3,1.6666666666666667
wu,11,6,1.8333333333333333
srihari,4,3,1.3333333333333333
categorization,8,4,2.0
acm,18,6,3.0
explorations,15,4,3.75
vol,67,4,16.75
pp,145,4,36.25
doi,5,2,2.5
issn,1,1,1.0
eissn,1,1,1.0
distributed,28,1,28.0
sakshi,1,1,1.0
suman,1,1,1.0
ipu,1,1,1.0
delhi,2,1,2.0
india,2,1,2.0
associate,1,1,1.0
professor,3,2,1.5
msit,1,1,1.0
rt,2,2,1.0
l,40,5,8.0
e,125,5,25.0
o,58,5,11.6
article,4,3,1.3333333333333333
history,2,2,1.0
received,5,2,2.5
accepted,4,3,1.3333333333333333
jul,3,3,1.0
apache,5,1,5.0
spark,14,1,14.0
r,60,4,15.0
ac,7,2,3.5
try,3,1,3.0
occurrences,2,1,2.0
biased,6,3,2.0
toward,10,4,2.5
due,17,4,4.25
typicalapproaches,1,1,1.0
occurring,2,2,1.0
implementations,1,1,1.0
grows,4,2,2.0
stored,5,2,2.5
address,10,4,2.5
challenge,4,3,1.3333333333333333
scalable,12,2,6.0
implementation,21,3,7.0
able,24,3,8.0
python,10,1,10.0
authors,5,4,1.25
published,2,1,2.0
atlantis,1,1,1.0
sarl,1,1,1.0
open,5,2,2.5
access,2,1,2.0
cc,1,1,1.0
license,1,1,1.0
http,7,3,2.3333333333333335
aspect,3,3,1.0
involves,7,1,7.0
particular,8,4,2.0
expected,3,2,1.5
containing,3,2,1.5
extraction,2,2,1.0
constitute,1,1,1.0
content,2,2,1.0
relevant,7,3,2.3333333333333335
especially,5,3,1.6666666666666667
functions,4,2,2.0
sification,1,1,1.0
notable,3,1,3.0
challenging,2,2,1.0
include,12,2,6.0
intrusion,4,3,1.3333333333333333
dilemma,2,2,1.0
translates,1,1,1.0
state,2,1,2.0
indicating,4,2,2.0
resultant,5,1,5.0
asymmetry,3,1,3.0
puzzled,1,1,1.0
infrequent,1,1,1.0
emerge,1,1,1.0
exceptional,1,1,1.0
situations,16,4,4.0
mostly,1,1,1.0
neglected,1,1,1.0
unexplored,1,1,1.0
outliers,3,2,1.5
disturbance,1,1,1.0
ironical,1,1,1.0
attract,1,1,1.0
concern,2,2,1.0
significance,2,1,2.0
acknowledgment,1,1,1.0
extended,7,2,3.5
credit,5,3,1.6666666666666667
card,3,2,1.5
breaches,1,1,1.0
online,6,3,2.0
irregular,1,1,1.0
disproportionate,1,1,1.0
end,9,3,3.0
up,8,3,2.6666666666666665
yielding,4,2,2.0
unacceptable,2,2,1.0
trend,3,1,3.0
criticality,1,1,1.0
capable,3,2,1.5
various,26,3,8.666666666666666
associated,18,4,4.5
mentioned,2,2,1.0
ples,5,2,2.5
continually,1,1,1.0
ended,1,1,1.0
ignored,2,2,1.0
eventuality,2,1,2.0
valuable,2,2,1.0
lost,1,1,1.0
corresponding,16,4,4.0
author,3,2,1.5
email,5,3,1.6666666666666667
sakshihoodars,1,1,1.0
exhibits,7,2,3.5
form,15,4,3.75
ple,3,2,1.5
implies,1,1,1.0
cide,1,1,1.0
employed,14,3,4.666666666666667
forms,2,2,1.0
ensure,9,2,4.5
maximized,3,2,1.5
categorizations,1,1,1.0
linked,2,1,2.0
entails,3,1,3.0
ification,1,1,1.0
dispersion,1,1,1.0
respective,9,3,3.0
states,2,1,2.0
misclassification,8,2,4.0
volume,6,2,3.0
applies,2,2,1.0
placed,1,1,1.0
scalability,1,1,1.0
tackled,2,2,1.0
appropriately,1,1,1.0
formulate,1,1,1.0
accommodate,1,1,1.0
smaller,9,2,4.5
artificially,4,2,2.0
assistance,1,1,1.0
thetic,5,2,2.5
refers,3,1,3.0
plays,1,1,1.0
minimizing,1,1,1.0
nondistributed,1,1,1.0
ronment,3,2,1.5
making,14,4,3.5
confront,2,1,2.0
necessity,1,1,1.0
yield,10,4,2.5
hooda,7,1,7.0
mann,7,1,7.0
closure,1,1,1.0
appropriate,4,3,1.3333333333333333
cluster,26,3,8.666666666666666
ing,15,4,3.75
effective,9,3,3.0
via,11,2,5.5
imperative,1,1,1.0
preserve,2,2,1.0
spatial,10,2,5.0
arrangement,1,1,1.0
propriate,1,1,1.0
inconsistent,1,1,1.0
dissemination,1,1,1.0
nodes,18,1,18.0
consequently,4,3,1.3333333333333333
affecting,1,1,1.0
efficiency,1,1,1.0
tackle,1,1,1.0
efficient,10,1,10.0
utilizes,2,2,1.0
synthetically,6,2,3.0
implementing,1,1,1.0
believe,2,2,1.0
active,9,2,4.5
developing,2,2,1.0
background,1,1,1.0
termed,1,1,1.0
far,7,4,1.75
too,6,2,3.0
mance,6,3,2.0
overwhelms,1,1,1.0
felt,1,1,1.0
type,3,3,1.0
neglect,1,1,1.0
occasionally,1,1,1.0
cited,1,1,1.0
disjunct,1,1,1.0
influenced,1,1,1.0
downfall,1,1,1.0
essential,3,2,1.5
analogously,1,1,1.0
face,4,3,1.3333333333333333
tion,38,4,9.5
enhance,1,1,1.0
count,5,2,2.5
illustrations,1,1,1.0
excluding,2,2,1.0
addition,3,3,1.0
chances,1,1,1.0
fitting,1,1,1.0
additionally,2,2,1.0
enhanced,1,1,1.0
reinforce,1,1,1.0
ters,3,2,1.5
tangible,1,1,1.0
participation,1,1,1.0
exploration,2,2,1.0
disseminated,1,1,1.0
difficulties,2,2,1.0
faced,1,1,1.0
classifying,3,3,1.0
concerns,2,2,1.0
imitated,1,1,1.0
say,2,1,2.0
extremely,4,2,2.0
examined,1,1,1.0
requires,3,2,1.5
cost,30,4,7.5
huge,2,1,2.0
group,3,2,1.5
move,2,2,1.0
lsh,2,1,2.0
knn,5,2,2.5
dimensions,18,2,9.0
commonly,3,3,1.0
common,11,3,3.6666666666666665
accounts,1,1,1.0
scholarly,1,1,1.0
investigations,2,1,2.0
initialization,2,1,2.0
convergence,1,1,1.0
attributed,3,2,1.5
merit,1,1,1.0
yields,2,2,1.0
cant,2,2,1.0
effort,2,2,1.0
center,8,2,4.0
ization,1,1,1.0
evolved,1,1,1.0
supports,1,1,1.0
mentation,2,1,2.0
inherently,2,2,1.0
sequential,1,1,1.0
sampleso,1,1,1.0
m,71,5,14.2
round,2,2,1.0
repeats,1,1,1.0
approximatelyo,1,1,1.0
logn,1,1,1.0
rounds,1,1,1.0
point,27,4,6.75
pass,1,1,1.0
mlogn,1,1,1.0
sampled,6,3,2.0
clustered,5,2,2.5
centers,2,2,1.0
llyod,1,1,1.0
iteration,16,3,5.333333333333333
input,38,3,12.666666666666666
quickly,1,1,1.0
once,4,2,2.0
tered,1,1,1.0
indexing,8,1,8.0
index,7,3,2.3333333333333335
whenever,2,2,1.0
dimensionality,18,2,9.0
partitioning,6,2,3.0
includes,5,4,1.25
alike,1,1,1.0
apportioning,1,1,1.0
titioning,1,1,1.0
pivots,2,1,2.0
regarding,4,2,2.0
searching,4,2,2.0
spaces,12,3,4.0
discern,1,1,1.0
similarity,5,2,2.5
mented,1,1,1.0
situation,2,2,1.0
object,3,3,1.0
seeks,4,2,2.0
queries,2,1,2.0
comparing,6,3,2.0
established,5,3,1.6666666666666667
ox,9,1,9.0
oy,7,1,7.0
oz,3,1,3.0
objects,8,2,4.0
dissimilarity,1,1,1.0
informative,4,2,2.0
entries,3,2,1.5
go,1,1,1.0
node,9,1,9.0
capacity,10,3,3.3333333333333335
highlight,3,2,1.5
internal,4,3,1.3333333333333333
leaf,12,1,12.0
routing,6,1,6.0
poised,1,1,1.0
represent,8,3,2.6666666666666665
tions,3,2,1.5
organization,1,1,1.0
correspond,4,2,2.0
bottom,1,1,1.0
fashion,3,2,1.5
pool,1,1,1.0
promoted,1,1,1.0
tree,10,3,3.3333333333333335
policy,1,1,1.0
provides,6,4,1.5
q,75,2,37.5
triangle,3,2,1.5
inequality,2,1,2.0
optimizes,1,1,1.0
bors,1,1,1.0
organized,3,3,1.0
imperatively,1,1,1.0
meant,1,1,1.0
impractical,1,1,1.0
cient,1,1,1.0
ous,2,2,1.0
documented,1,1,1.0
spill,2,1,2.0
scales,3,2,1.5
ensuring,3,2,1.5
searched,3,1,3.0
efficiently,1,1,1.0
investigation,7,2,3.5
central,1,1,1.0
purpose,9,2,4.5
together,4,3,1.3333333333333333
perceived,2,1,2.0
devastated,1,1,1.0
reason,4,3,1.3333333333333333
described,6,3,2.0
contrasted,1,1,1.0
illustration,1,1,1.0
taken,3,2,1.5
accurate,3,2,1.5
provided,5,2,2.5
entire,4,2,2.0
implemented,2,1,2.0
upon,4,1,4.0
plete,1,1,1.0
evident,1,1,1.0
discerned,1,1,1.0
tpr,4,1,4.0
equation,1,1,1.0
categorized,2,1,2.0
accurately,2,1,2.0
fpr,3,1,3.0
expressed,4,2,2.0
fnr,3,1,3.0
lastly,2,2,1.0
indicates,3,3,1.0
priate,1,1,1.0
calls,1,1,1.0
ting,2,2,1.0
rates,1,1,1.0
gm,47,2,23.5
racy,1,1,1.0
maximization,2,2,1.0
ric,1,1,1.0
manifest,1,1,1.0
tprate,1,1,1.0
tnrate,1,1,1.0
environments,2,2,1.0
procedures,1,1,1.0
continues,1,1,1.0
eration,1,1,1.0
lacking,1,1,1.0
resolve,2,2,1.0
effectually,1,1,1.0
segmenting,1,1,1.0
dispensing,1,1,1.0
est,2,2,1.0
dimensional,10,4,2.5
inate,1,1,1.0
tackling,3,2,1.5
unfeasible,1,1,1.0
probably,4,2,2.0
belonging,17,4,4.25
brought,1,1,1.0
processed,2,1,2.0
erate,2,2,1.0
fit,3,1,3.0
independently,5,2,2.5
complex,8,4,2.0
objective,5,3,1.6666666666666667
mine,1,1,1.0
tioned,1,1,1.0
convenient,1,1,1.0
grouping,3,2,1.5
obtain,20,4,5.0
despite,1,1,1.0
contributory,1,1,1.0
entirety,2,1,2.0
segmented,2,1,2.0
establishing,1,1,1.0
serves,2,2,1.0
formed,4,4,1.0
aligning,3,3,1.0
pushed,1,1,1.0
tive,5,3,1.6666666666666667
arranged,2,2,1.0
vancouver,2,1,2.0
competitions,1,1,1.0
attributes,1,1,1.0
million,2,1,2.0
api,1,1,1.0
library,1,1,1.0
pivot,3,1,3.0
calculate,6,2,3.0
tance,1,1,1.0
parent,1,1,1.0
shortest,1,1,1.0
push,3,2,1.5
partition,7,2,3.5
ual,2,2,1.0
establish,5,2,2.5
partitions,3,2,1.5
init,1,1,1.0
add,2,1,2.0
router,8,1,8.0
choose,1,1,1.0
minimum,5,2,2.5
radius,2,1,2.0
update,3,2,1.5
increment,1,1,1.0
maxleafsize,1,1,1.0
promote,1,1,1.0
routers,1,1,1.0
store,5,2,2.5
priority,5,1,5.0
queue,1,1,1.0
max,6,3,2.0
ignore,3,2,1.5
else,1,1,1.0
tigation,1,1,1.0
senting,1,1,1.0
reduction,5,3,1.6666666666666667
attribute,9,3,3.0
choice,4,3,1.3333333333333333
took,1,1,1.0
experimentation,3,2,1.5
distinct,1,1,1.0
optimum,3,2,1.5
utmost,1,1,1.0
ate,1,1,1.0
acquired,1,1,1.0
lates,1,1,1.0
concentration,4,2,2.0
hadoop,3,1,3.0
reduce,3,3,1.0
benchmarked,3,1,3.0
compare,9,3,3.0
sat,2,1,2.0
originate,1,1,1.0
viz,1,1,1.0
infrastructure,1,1,1.0
utilized,1,1,1.0
consist,2,2,1.0
centos,1,1,1.0
linux,1,1,1.0
eight,4,2,2.0
cores,1,1,1.0
gb,2,2,1.0
ram,3,2,1.5
configure,1,1,1.0
output,5,3,1.6666666666666667
hdfs,1,1,1.0
must,4,2,2.0
tuned,2,1,2.0
neither,1,1,1.0
nor,1,1,1.0
disk,1,1,1.0
memory,1,1,1.0
setting,1,1,1.0
increase,8,3,2.6666666666666665
parallelism,1,1,1.0
throughput,2,1,2.0
cause,4,3,1.3333333333333333
near,8,3,2.6666666666666665
thereby,4,2,2.0
decreasing,2,2,1.0
segment,10,2,5.0
specifications,1,1,1.0
emphasis,3,3,1.0
ble,1,1,1.0
configuration,1,1,1.0
crucial,2,2,1.0
stage,7,3,2.3333333333333335
focuses,2,2,1.0
sought,1,1,1.0
five,1,1,1.0
kept,1,1,1.0
fraction,1,1,1.0
vs,1,1,1.0
maximum,7,3,2.3333333333333335
performed,5,2,2.5
reducing,4,3,1.3333333333333333
arrived,1,1,1.0
iments,1,1,1.0
originated,1,1,1.0
merged,2,2,1.0
alongside,1,1,1.0
ecbdl,4,1,4.0
assessed,2,2,1.0
drf,2,1,2.0
targeted,2,2,1.0
scikit,1,1,1.0
facilitated,1,1,1.0
aided,1,1,1.0
attr,1,1,1.0
min,5,2,2.5
satimage,10,2,5.0
upsampling,1,1,1.0
demonstrate,5,3,1.6666666666666667
findings,3,1,3.0
tation,4,2,2.0
tends,2,1,2.0
exceed,1,1,1.0
observations,3,2,1.5
evidenced,1,1,1.0
tributed,1,1,1.0
superior,5,2,2.5
lar,1,1,1.0
even,9,4,2.25
amount,3,3,1.0
steer,1,1,1.0
implication,1,1,1.0
unlikely,1,1,1.0
prove,4,3,1.3333333333333333
beneficial,1,1,1.0
outperforming,2,2,1.0
sklearn,1,1,1.0
lishing,1,1,1.0
distributing,1,1,1.0
aid,1,1,1.0
preserving,1,1,1.0
arrangements,1,1,1.0
turn,4,3,1.3333333333333333
desired,4,3,1.3333333333333333
scale,8,3,2.6666666666666665
degree,9,3,3.0
tress,1,1,1.0
rat,1,1,1.0
depth,1,1,1.0
nbins,1,1,1.0
capability,1,1,1.0
realizing,2,2,1.0
applicable,2,2,1.0
paving,1,1,1.0
expansion,1,1,1.0
lap,1,1,1.0
handled,1,1,1.0
properly,1,1,1.0
merge,1,1,1.0
tify,1,1,1.0
semination,1,1,1.0
scenarios,4,3,1.3333333333333333
summary,4,3,1.3333333333333333
scope,1,1,1.0
ucisat,1,1,1.0
expanded,1,1,1.0
dependency,1,1,1.0
reflects,1,1,1.0
proving,1,1,1.0
exhibit,2,2,1.0
provision,1,1,1.0
incorporates,2,2,1.0
juncts,1,1,1.0
utilizing,1,1,1.0
yu,1,1,1.0
hong,5,3,1.6666666666666667
ni,1,1,1.0
dan,1,1,1.0
qin,1,1,1.0
cancer,1,1,1.0
dna,1,1,1.0
microarray,1,1,1.0
biomed,1,1,1.0
res,6,2,3.0
int,23,2,11.5
rst,1,1,1.0
elucidate,1,1,1.0
therapeutic,1,1,1.0
uremia,1,1,1.0
patients,1,1,1.0
med,1,1,1.0
biol,1,1,1.0
eng,6,2,3.0
comput,8,2,4.0
haixiang,1,1,1.0
yijing,1,1,1.0
yanan,1,1,1.0
xiao,1,1,1.0
jinling,1,1,1.0
appl,2,1,2.0
artif,5,1,5.0
intell,16,2,8.0
trans,17,3,5.666666666666667
knowl,11,2,5.5
mohamed,1,1,1.0
recognit,2,1,2.0
fern치ndez,3,1,3.0
v,43,4,10.75
palade,1,1,1.0
trends,2,1,2.0
intrinsic,2,1,2.0
plex,1,1,1.0
syst,5,2,2.5
directions,6,3,2.0
prog,1,1,1.0
ior,1,1,1.0
vluymans,1,1,1.0
verbiest,1,1,1.0
cornelis,1,1,1.0
ifrow,1,1,1.0
ann,2,2,1.0
ordered,6,2,3.0
weighted,19,4,4.75
average,6,3,2.0
fuzzy,3,3,1.0
domingos,3,3,1.0
metacost,6,3,2.0
l칩pez,1,1,1.0
fication,3,2,1.5
laney,1,1,1.0
controlling,5,3,1.6666666666666667
velocity,1,1,1.0
variety,1,1,1.0
meta,1,1,1.0
kambatla,1,1,1.0
kollias,1,1,1.0
kumar,2,1,2.0
grama,1,1,1.0
distrib,1,1,1.0
zikopoulos,1,1,1.0
eaton,1,1,1.0
deroos,1,1,1.0
deutsch,1,1,1.0
lapis,1,1,1.0
enterprise,1,1,1.0
streaming,1,1,1.0
osborne,1,1,1.0
media,1,1,1.0
ork,5,2,2.5
zhu,3,2,1.5
w,31,5,6.2
ding,1,1,1.0
bigdata,1,1,1.0
skews,1,1,1.0
adv,3,2,1.5
sara,1,1,1.0
del,1,1,1.0
herreral,1,1,1.0
evolutionary,3,3,1.0
cation,4,3,1.3333333333333333
proposals,3,2,1.5
taxonomy,1,1,1.0
evol,1,1,1.0
haghani,1,1,1.0
michel,1,1,1.0
aberer,1,1,1.0
web,3,2,1.5
webdb,1,1,1.0
kanungo,1,1,1.0
mount,1,1,1.0
netanyahu,1,1,1.0
piatko,1,1,1.0
anal,1,1,1.0
mach,14,2,7.0
kaufman,1,1,1.0
rousseeuw,1,1,1.0
duction,1,1,1.0
capoyleas,1,1,1.0
woeginger,1,1,1.0
춹geometric,1,1,1.0
clusterings,1,1,1.0
jain,2,1,2.0
dubes,1,1,1.0
prentice,1,1,1.0
englewood,1,1,1.0
cliffs,1,1,1.0
murty,1,1,1.0
춹data,1,1,1.0
surv,1,1,1.0
bahmani,1,1,1.0
moseley,1,1,1.0
vattani,1,1,1.0
proc,23,2,11.5
vldb,2,1,2.0
endowment,1,1,1.0
supercomput,1,1,1.0
tseng,1,1,1.0
su,2,2,1.0
lett,1,1,1.0
guttman,1,1,1.0
dynamic,2,1,2.0
structure,10,3,3.3333333333333335
sigmod,2,1,2.0
bentley,1,1,1.0
semidynamic,1,1,1.0
ings,3,3,1.0
sixth,2,2,1.0
annual,4,2,2.0
scg,1,1,1.0
ciaccia,3,1,3.0
patella,2,1,2.0
zezula,3,1,3.0
bases,2,2,1.0
rabitti,2,1,2.0
qunito,1,1,1.0
convegno,1,1,1.0
nazionale,1,1,1.0
sebd,1,1,1.0
moore,1,1,1.0
anchors,1,1,1.0
hierarchy,1,1,1.0
ity,3,2,1.5
survive,1,1,1.0
teenth,1,1,1.0
ilarity,1,1,1.0
multimedia,3,3,1.0
technical,2,2,1.0
hermes,1,1,1.0
esprit,1,1,1.0
ltr,1,1,1.0
projects,1,1,1.0
rosenberg,1,1,1.0
rowley,1,1,1.0
billions,1,1,1.0
scikitlearn,1,1,1.0
east,1,1,1.0
conf,20,2,10.0
discussions,4,2,2.0
stats,2,1,2.0
profiles,1,1,1.0
october,13,2,6.5
reads,1,1,1.0
gongping,3,1,3.0
shandong,3,1,3.0
publications,1,1,1.0
profile,1,1,1.0
uploaded,1,1,1.0
requested,1,1,1.0
enhancement,1,1,1.0
downloaded,1,1,1.0
xinjian,1,1,1.0
guo,3,2,1.5
yilong,2,1,2.0
cailing,1,1,1.0
dong,1,1,1.0
guangtong,1,1,1.0
zhou,2,2,1.0
jinan,1,1,1.0
china,7,3,2.3333333333333335
xinjianguo,1,1,1.0
ylyin,2,1,2.0
concentrates,1,1,1.0
convention,1,1,1.0
label,21,2,10.5
practical,4,2,2.0
years,7,3,2.3333333333333335
ch,1,1,1.0
almost,6,3,2.0
labeled,4,1,4.0
overwhelmed,2,1,2.0
seeking,1,1,1.0
reviewed,3,1,3.0
academic,5,1,5.0
activities,2,1,2.0
firstly,4,2,2.0
investigated,7,3,2.3333333333333335
remedies,4,1,4.0
acco,1,1,1.0
rding,1,1,1.0
phases,2,1,2.0
surveying,1,1,1.0
factors,6,2,3.0
share,1,1,1.0
probabilities,5,3,1.6666666666666667
grossly,1,1,1.0
violated,1,1,1.0
grew,1,1,1.0
causes,2,1,2.0
suboptimal,1,1,1.0
behave,1,1,1.0
badly,1,1,1.0
lots,2,1,2.0
spotting,1,1,1.0
unreliable,1,1,1.0
telecommunication,1,1,1.0
customers,3,2,1.5
word,3,2,1.5
pronunciations,1,1,1.0
retrieval,6,3,2.0
filtering,1,1,1.0
disease,2,1,2.0
genes,1,1,1.0
mutations,1,1,1.0
monitoring,2,1,2.0
shuttle,9,2,4.5
earthquakes,1,1,1.0
explosions,1,1,1.0
helicopter,1,1,1.0
fault,1,1,1.0
view,6,2,3.0
falls,2,1,2.0
frauds,1,1,1.0
expensive,2,1,2.0
researches,3,1,3.0
traced,1,1,1.0
field,2,1,2.0
sofia,1,1,1.0
visa,2,1,2.0
argued,7,2,3.5
mainly,5,1,5.0
rarely,2,1,2.0
satisfied,1,1,1.0
skewed,8,2,4.0
distributions,44,3,14.666666666666666
overview,1,1,1.0
pays,1,1,1.0
reminder,1,1,1.0
computation,9,3,3.0
workshops,2,1,2.0
sections,2,2,1.0
surveyed,1,1,1.0
summarized,1,1,1.0
concluded,5,2,2.5
activiti,1,1,1.0
es,6,3,2.0
recognizing,2,1,2.0
exists,5,3,1.6666666666666667
extensive,4,2,2.0
gave,1,1,1.0
rise,3,2,1.5
held,2,1,2.0
top,1,1,1.0
conferences,2,2,1.0
dedicated,2,1,2.0
conjunction,1,1,1.0
american,3,3,1.0
versus,7,2,3.5
discriminating,1,1,1.0
goal,3,2,1.5
icml,5,1,5.0
followed,1,1,1.0
vivid,1,1,1.0
panel,1,1,1.0
major,7,2,3.5
presentations,1,1,1.0
shortcomings,3,2,1.5
agreed,1,1,1.0
needed,6,2,3.0
besides,7,2,3.5
aspects,3,2,1.5
half,6,2,3.0
debated,1,1,1.0
moving,1,1,1.0
threshold,5,2,2.5
adjusting,5,2,2.5
questioned,1,1,1.0
responsible,2,1,2.0
leads,5,2,2.5
severe,3,3,1.0
representation,15,3,5.0
entirely,1,1,1.0
combined,5,2,2.5
hard,4,3,1.3333333333333333
improves,2,2,1.0
sacrifice,1,1,1.0
changing,8,1,8.0
manipulating,5,2,2.5
internally,4,1,4.0
counter,1,1,1.0
advanced,6,2,3.0
numerous,2,2,1.0
effect,11,3,3.6666666666666665
altering,2,1,2.0
his,5,3,1.6666666666666667
doctoral,1,1,1.0
dissertation,3,1,3.0
basic,5,3,1.6666666666666667
heuristic,5,1,5.0
naivest,1,1,1.0
elimination,1,1,1.0
discarding,1,1,1.0
introduced,8,3,2.6666666666666665
cleaning,3,1,3.0
hypotheses,6,3,2.0
thinks,1,1,1.0
condensed,2,1,2.0
cnn,3,1,3.0
correctly,10,3,3.3333333333333335
classifies,1,1,1.0
nn,1,1,1.0
bayesian,2,1,2.0
densities,1,1,1.0
overlapping,8,3,2.6666666666666665
deeply,1,1,1.0
imbedded,1,1,1.0
transferred,1,1,1.0
classified,9,1,9.0
oss,1,1,1.0
draws,2,2,1.0
puts,1,1,1.0
afterwards,2,2,1.0
misclassified,6,1,6.0
moved,1,1,1.0
eliminate,1,1,1.0
distant,1,1,1.0
wilson,2,1,2.0
enn,5,1,5.0
whose,3,2,1.5
ncl,3,1,3.0
deals,3,2,1.5
separately,4,1,4.0
remove,1,1,1.0
ei,8,2,4.0
contradicts,1,1,1.0
misclassify,1,1,1.0
links,3,2,1.5
paid,1,1,1.0
ej,5,1,5.0
viewed,2,1,2.0
impossible,1,1,1.0
aims,2,2,1.0
replication,3,2,1.5
likelihood,1,1,1.0
exact,1,1,1.0
consuming,2,1,2.0
fairly,1,1,1.0
lie,5,2,2.5
spread,2,2,1.0
preliminary,6,1,6.0
iterative,2,2,1.0
place,2,1,2.0
weights,10,2,5.0
incorrectly,3,1,3.0
decreases,3,3,1.0
forces,2,2,1.0
alters,2,1,2.0
approximates,1,1,1.0
sensitive,10,3,3.3333333333333335
strategy,7,2,3.5
assumptions,3,2,1.5
assumes,3,2,1.5
sufficiently,1,1,1.0
marginal,2,1,2.0
executing,1,1,1.0
negligible,1,1,1.0
procuring,1,1,1.0
permits,1,1,1.0
guidance,1,1,1.0
select,9,3,3.0
heuristically,1,1,1.0
determined,4,3,1.3333333333333333
guaranteed,3,2,1.5
induced,9,2,4.5
practice,3,2,1.5
ospc,2,1,2.0
save,1,1,1.0
reclassified,1,1,1.0
terms,9,3,3.0
simultaneously,2,1,2.0
severely,3,2,1.5
focused,9,3,3.0
couple,1,1,1.0
look,2,1,2.0
albeit,2,2,1.0
explicitly,2,2,1.0
converting,1,1,1.0
castillo,3,1,3.0
serrano,3,1,3.0
complete,7,2,3.5
putten,2,1,2.0
someren,2,1,2.0
coil,2,1,2.0
decomposition,2,2,1.0
drummond,2,1,2.0
default,1,1,1.0
surprisingly,1,1,1.0
ineffective,1,1,1.0
producing,1,1,1.0
little,1,1,1.0
response,1,1,1.0
modifications,2,1,2.0
moreover,4,3,1.3333333333333333
prunes,1,1,1.0
influence,1,1,1.0
pruning,1,1,1.0
avoidance,1,1,1.0
reestablish,1,1,1.0
naive,4,1,4.0
bayes,4,1,4.0
member,7,4,1.75
ranking,14,3,4.666666666666667
varying,1,1,1.0
pertaining,1,1,1.0
biasing,2,1,2.0
discrimination,2,1,2.0
phase,4,2,2.0
compensate,3,2,1.5
actually,3,2,1.5
assigned,3,2,1.5
usual,2,2,1.0
prototypes,4,1,4.0
weighting,1,1,1.0
tendency,1,1,1.0
biases,3,2,1.5
away,2,2,1.0
skew,3,2,1.5
pushes,1,1,1.0
accomplished,5,3,1.6666666666666667
kernel,167,3,55.666666666666664
develop,3,3,1.0
veropoulos,2,1,2.0
uggested,1,1,1.0
penalty,2,2,1.0
constants,1,1,1.0
errors,6,3,2.0
costlier,1,1,1.0
kaizhu,1,1,1.0
huang,5,3,1.6666666666666667
minimax,2,1,2.0
probability,17,3,5.666666666666667
bmpm,2,1,2.0
reliable,1,1,1.0
covariance,4,2,2.0
matrices,12,3,4.0
derive,4,2,2.0
bound,1,1,1.0
incorporating,1,1,1.0
corresponds,10,2,5.0
entry,1,1,1.0
풭ij,1,1,1.0
diagonal,2,2,1.0
elements,2,2,1.0
zero,3,3,1.0
meaning,2,2,1.0
minimize,1,1,1.0
choosing,5,2,2.5
conditional,1,1,1.0
ij풭,1,1,1.0
ji풭,1,1,1.0
fig,45,3,15.0
begins,2,1,2.0
employs,2,2,1.0
estimates,2,1,2.0
bagging,7,1,7.0
relearns,2,1,2.0
adaboost,9,2,4.5
resulting,6,3,2.0
adacost,55,2,27.5
empirically,3,1,3.0
cumulative,2,1,2.0
alone,1,1,1.0
imposing,2,2,1.0
studied,1,1,1.0
svms,10,3,3.3333333333333335
brute,2,1,2.0
shrink,3,1,3.0
ripper,3,1,3.0
flaws,1,1,1.0
boeing,2,1,2.0
manufacturing,2,1,2.0
detect,1,1,1.0
mixed,1,1,1.0
cover,2,2,1.0
uncovered,1,1,1.0
grown,1,1,1.0
covered,1,1,1.0
normally,2,2,1.0
discriminative,1,1,1.0
raskutti,2,1,2.0
kowalczyk,2,1,2.0
demonstrated,1,1,1.0
optimality,1,1,1.0
genomic,1,1,1.0
composed,4,2,2.0
aggressive,3,2,1.5
superiority,1,1,1.0
extensively,1,1,1.0
combine,1,1,1.0
successes,1,1,1.0
diversity,2,1,2.0
principle,1,1,1.0
equally,7,3,2.3333333333333335
weak,5,2,2.5
forced,1,1,1.0
stated,8,2,4.0
proportion,4,3,1.3333333333333333
distinguished,2,1,2.0
recognizes,1,1,1.0
suffer,2,2,1.0
updating,1,1,1.0
indicated,2,1,2.0
experts,1,1,1.0
detailed,6,3,2.0
chan,3,2,1.5
stolfo,3,2,1.5
resampling,2,1,2.0
wasted,1,1,1.0
composite,1,1,1.0
wrapper,1,1,1.0
estimated,2,2,1.0
style,2,1,2.0
constructing,3,3,1.0
variant,1,1,1.0
phua,2,1,2.0
stacking,1,1,1.0
mix,1,1,1.0
insurance,1,1,1.0
achieves,2,2,1.0
pintelas,4,2,2.0
learns,1,1,1.0
filtered,1,1,1.0
voting,1,1,1.0
affects,2,1,2.0
difficult,3,1,3.0
construct,1,1,1.0
own,1,1,1.0
suitable,17,2,8.5
practitioners,2,1,2.0
terminology,1,1,1.0
places,1,1,1.0
weight,8,2,4.0
widespread,1,1,1.0
geometry,1,1,1.0
mgm,2,1,2.0
sum,3,2,1.5
ms,2,1,2.0
categories,2,2,1.0
directly,11,3,3.6666666666666665
helpful,2,1,2.0
promised,1,1,1.0
beginning,2,2,1.0
presents,5,2,2.5
denote,8,3,2.6666666666666665
respectively,14,3,4.666666666666667
equations,2,2,1.0
denotes,4,3,1.3333333333333333
ideal,7,2,3.5
vice,1,1,1.0
versa,1,1,1.0
kind,1,1,1.0
community,4,2,2.0
adjusted,1,1,1.0
,31,3,10.333333333333334
counts,5,2,2.5
twice,1,1,1.0
depicts,1,1,1.0
expense,1,1,1.0
introducing,3,2,1.5
positives,2,2,1.0
disadvantage,1,1,1.0
easy,2,2,1.0
tnfpfntptntpaccuracy,1,1,1.0
pr,2,1,2.0
fptptpecison,1,1,1.0
re,5,3,1.6666666666666667
fntptpcall,1,1,1.0
tnfpfpratefp,1,1,1.0
fntptpratetp,1,1,1.0
ecisioncall,1,1,1.0
ecisioncallf,1,1,1.0
prre,1,1,1.0
accuracyaccuracymgm,1,1,1.0
accuracyaccuracyms,1,1,1.0
criterion,7,3,2.3333333333333335
hold,1,1,1.0
dominates,1,1,1.0
dominant,10,2,5.0
largest,2,2,1.0
dominate,1,1,1.0
parts,1,1,1.0
convex,19,2,9.5
hull,1,1,1.0
relations,1,1,1.0
sick,1,1,1.0
inducing,1,1,1.0
decrease,2,2,1.0
contend,1,1,1.0
regardless,2,2,1.0
sufficient,1,1,1.0
jo,4,2,2.0
degradation,3,2,1.5
rectifying,1,1,1.0
inductive,1,1,1.0
solely,2,2,1.0
duplication,3,1,3.0
harmful,1,1,1.0
perceptrons,1,1,1.0
margins,3,2,1.5
degrees,2,2,1.0
necessary,4,2,2.0
harm,1,1,1.0
occurs,2,1,2.0
overlap,1,1,1.0
position,3,2,1.5
varies,1,1,1.0
variation,1,1,1.0
gives,3,3,1.0
fixed,1,1,1.0
effectiveness,5,2,2.5
clearer,2,2,1.0
deeper,2,1,2.0
except,3,2,1.5
basics,1,1,1.0
immune,1,1,1.0
specification,1,1,1.0
processes,2,2,1.0
ad,1,1,1.0
hoc,1,1,1.0
deadly,1,1,1.0
idiographic,1,1,1.0
kanellopoulos,1,1,1.0
gests,1,1,1.0
ralescu,1,1,1.0
sixteen,1,1,1.0
midwest,1,1,1.0
cognitive,3,2,1.5
dayton,1,1,1.0
robotics,1,1,1.0
sao,1,1,1.0
paulo,1,1,1.0
sp,5,3,1.6666666666666667
ios,1,1,1.0
rarity,2,2,1.0
unifying,2,2,1.0
maloof,2,2,1.0
unknown,3,3,1.0
stone,1,1,1.0
olshen,1,1,1.0
chapman,1,1,1.0
right,3,3,1.0
laurikkala,1,1,1.0
tampere,1,1,1.0
herna,1,1,1.0
rutgers,1,1,1.0
brunswick,1,1,1.0
jersey,1,1,1.0
menlo,3,2,1.5
park,3,2,1.5
ca,7,3,2.3333333333333335
mixture,1,1,1.0
annals,1,1,1.0
mathematics,4,3,1.3333333333333333
teleinformatics,1,1,1.0
hart,2,2,1.0
curse,3,3,1.0
sided,1,1,1.0
fourteenth,2,1,2.0
nashville,3,3,1.0
tennesse,1,1,1.0
morgan,1,1,1.0
kaufmann,1,1,1.0
lncs,1,1,1.0
costly,2,2,1.0
allocations,1,1,1.0
chinese,2,2,1.0
taeho,2,1,2.0
forman,1,1,1.0
mladenic,1,1,1.0
grobelnik,1,1,1.0
sixteenth,2,1,2.0
multistrategy,1,1,1.0
documents,1,1,1.0
der,1,1,1.0
variance,1,1,1.0
asymptotic,1,1,1.0
properties,3,2,1.5
beats,1,1,1.0
washington,4,2,2.0
dc,2,1,2.0
barandela,2,2,1.0
rangel,2,2,1.0
chang,4,3,1.3333333333333333
alignment,13,3,4.333333333333333
campbell,1,1,1.0
king,1,1,1.0
lyu,1,1,1.0
society,4,3,1.3333333333333333
fifth,2,2,1.0
z,19,3,6.333333333333333
h,25,3,8.333333333333334
g,11,3,3.6666666666666665
unsupervised,1,1,1.0
feed,1,1,1.0
forward,1,1,1.0
scholkopf,2,2,1.0
platt,1,1,1.0
smola,4,2,2.0
williamson,1,1,1.0
estimating,1,1,1.0
tax,1,1,1.0
delft,1,1,1.0
manevitz,1,1,1.0
yousef,1,1,1.0
riddle,1,1,1.0
segal,1,1,1.0
etzioni,1,1,1.0
abound,1,1,1.0
ninth,1,1,1.0
lnai,2,1,2.0
cohen,1,1,1.0
twelfth,1,1,1.0
communications,1,1,1.0
rebalancing,1,1,1.0
u,19,3,6.333333333333333
seventh,1,1,1.0
principles,2,2,1.0
dubrovnik,1,1,1.0
croatia,2,2,1.0
estabrooks,2,1,2.0
yan,1,1,1.0
jin,1,1,1.0
hauptmann,1,1,1.0
scene,1,1,1.0
acoustics,1,1,1.0
speech,1,1,1.0
alahakoon,1,1,1.0
bradley,1,1,1.0
fawcett,4,2,2.0
imprecise,3,2,1.5
presence,1,1,1.0
canadian,1,1,1.0
micai,1,1,1.0
kolez,1,1,1.0
chowdhury,1,1,1.0
alspector,1,1,1.0
guti,3,1,3.0
senior,2,1,2.0
ti,2,1,2.0
틚no,2,1,2.0
herv,3,1,3.0
matches,3,1,3.0
linearly,12,2,6.0
accessible,3,1,3.0
isomorphic,2,1,2.0
framed,1,1,1.0
pose,3,1,3.0
hindrance,2,1,2.0
maximising,1,1,1.0
separation,11,2,5.5
in遼uence,5,2,2.5
de遼ned,9,2,4.5
uni遼ed,3,1,3.0
preferential,12,1,12.0
spans,3,1,3.0
classi遼cation,45,2,22.5
ro,2,1,2.0
conveniently,1,1,1.0
entropy,1,1,1.0
etc,2,2,1.0
paradigm,6,1,6.0
dif遼cult,9,2,4.5
receiving,1,1,1.0
communities,1,1,1.0
happens,1,1,1.0
designed,2,1,2.0
harming,1,1,1.0
formal,1,1,1.0
de遼nition,2,1,2.0
subsidized,1,1,1.0
spanish,1,1,1.0
ministerial,1,1,1.0
commission,1,1,1.0
echnology,1,1,1.0
micyt,1,1,1.0
feder,1,1,1.0
funds,1,1,1.0
junta,1,1,1.0
de,2,2,1.0
andaluc,1,1,1.0
spain,4,1,4.0
tino,1,1,1.0
supported,1,1,1.0
epsrc,1,1,1.0
ortiz,1,1,1.0
numerical,2,1,2.0
pagutierrez,1,1,1.0
chervas,1,1,1.0
birmingham,2,1,2.0
united,1,1,1.0
kingdom,1,1,1.0
exhibiting,2,2,1.0
hindering,1,1,1.0
existence,1,1,1.0
categorised,1,1,1.0
sizes,1,1,1.0
classi遼er,23,2,11.5
pay,1,1,1.0
contextualised,1,1,1.0
brief,4,2,2.0
roughly,2,1,2.0
speaking,4,2,2.0
opposite,5,2,2.5
equivalent,3,2,1.5
aimed,1,1,1.0
signi遼cantly,9,2,4.5
methodologies,3,1,3.0
impose,1,1,1.0
aliasing,1,1,1.0
specially,2,1,2.0
entail,1,1,1.0
meaningful,1,1,1.0
concerning,6,1,6.0
遼rst,18,2,9.0
erating,1,1,1.0
assumed,2,1,2.0
inside,3,1,3.0
careful,3,2,1.5
prevent,2,1,2.0
powerful,2,2,1.0
extracting,1,1,1.0
analyse,11,1,11.0
referred,6,1,6.0
spreading,1,1,1.0
rapidly,1,1,1.0
acceptance,1,1,1.0
generalisation,5,1,5.0
determinism,1,1,1.0
ector,4,1,4.0
formulation,2,1,2.0
maximisation,1,1,1.0
nonlinear,10,2,5.0
classi遼ers,21,2,10.5
advisable,5,1,5.0
nonlinearity,1,1,1.0
development,4,2,2.0
tricky,1,1,1.0
contrast,2,2,1.0
propose,3,1,3.0
ideally,8,1,8.0
separated,1,1,1.0
straightforward,1,1,1.0
dot,16,1,16.0
products,6,1,6.0
cope,2,1,2.0
efs,64,1,64.0
preserves,3,1,3.0
geometrical,2,1,2.0
angles,3,1,3.0
uniquely,2,1,2.0
simpler,1,1,1.0
trick,3,1,3.0
픥,53,1,53.0
interpretation,1,1,1.0
approximated,1,1,1.0
mapping,9,2,4.5
proposal,2,1,2.0
free,1,1,1.0
approximation,4,2,2.0
intends,1,1,1.0
subdivided,1,1,1.0
extending,1,1,1.0
methodology,12,2,6.0
optimising,7,1,7.0
analytical,4,1,4.0
遼tted,1,1,1.0
separability,1,1,1.0
proposes,3,2,1.5
generalising,1,1,1.0
hyperplane,13,1,13.0
check,2,1,2.0
exposed,2,2,1.0
thorough,3,2,1.5
introduces,2,2,1.0
notions,2,1,2.0
exposes,2,1,2.0
iv,10,2,5.0
develops,1,1,1.0
vi,7,2,3.5
tal,1,1,1.0
遼nally,3,1,3.0
vii,8,2,4.0
outlines,1,1,1.0
conclusions,3,1,3.0
intended,3,1,3.0
notation,1,1,1.0
throughout,1,1,1.0
xi,88,2,44.0
rd,2,1,2.0
assign,2,1,2.0
xtr,10,1,10.0
xts,2,1,2.0
inputs,2,1,2.0
subscript,1,1,1.0
storing,3,1,3.0
rows,3,1,3.0
reproducing,1,1,1.0
kernels,10,1,10.0
mercer,1,1,1.0
xm,5,2,2.5
give,1,1,1.0
semide遼nite,4,1,4.0
kij,1,1,1.0
xj,27,1,27.0
hilbert,2,1,2.0
nonlinearly,4,1,4.0
furnished,1,1,1.0
product,10,1,10.0
rm,1,1,1.0
span,2,1,2.0
refer,3,2,1.5
freedom,1,1,1.0
minima,1,1,1.0
speci遼ed,2,2,1.0
separating,3,1,3.0
maximises,2,1,2.0
margin,6,2,3.0
discriminants,1,1,1.0
replace,1,1,1.0
쬴,6,1,6.0
minimises,4,1,4.0
subject,2,1,2.0
constraints,2,1,2.0
yi,7,2,3.5
,2,1,2.0
optimisation,18,1,18.0
classi遼es,2,2,1.0
consists,4,2,2.0
line,6,3,2.0
connects,1,1,1.0
happen,1,1,1.0
endow,1,1,1.0
orthonormal,4,1,4.0
ug,1,1,1.0
satisfying,1,1,1.0
orthogonality,1,1,1.0
normalisation,1,1,1.0
completeness,1,1,1.0
픳,18,1,18.0
isometric,2,1,2.0
isomorphism,3,1,3.0
bijective,2,1,2.0
working,2,1,2.0
gram,5,1,5.0
rank,13,2,6.5
rr,2,1,2.0
contained,3,1,3.0
embedded,3,2,1.5
graphical,2,1,2.0
mappings,1,1,1.0
diagonalised,1,1,1.0
풭,8,1,8.0
pt,3,1,3.0
transpose,1,1,1.0
nonzero,2,1,2.0
eigenvalues,6,1,6.0
unitary,2,1,2.0
eigenvectors,2,1,2.0
ur,2,1,2.0
constituting,1,1,1.0
let,7,2,3.5
evaluated,4,2,2.0
writing,1,1,1.0
ztz,1,1,1.0
p풭p,1,1,1.0
tp풭,1,1,1.0
vectors,1,1,1.0
symmetric,2,1,2.0
ture,1,1,1.0
mapped,1,1,1.0
necessarily,3,2,1.5
preimage,2,1,2.0
transformation,6,1,6.0
built,1,1,1.0
reasonable,1,1,1.0
ov,3,1,3.0
nat,1,1,1.0
statement,1,1,1.0
illustrate,6,2,3.0
toy,4,1,4.0
gaussian,19,1,19.0
retaining,1,1,1.0
donut,1,1,1.0
projection,2,1,2.0
synthethic,2,1,2.0
representing,2,1,2.0
reduced,11,1,11.0
decisive,1,1,1.0
subspace,3,2,1.5
smooth,2,1,2.0
matching,1,1,1.0
control,8,2,4.0
inclusion,1,1,1.0
slacks,1,1,1.0
preventing,1,1,1.0
alent,1,1,1.0
regularisation,1,1,1.0
denoising,1,1,1.0
unregularised,1,1,1.0
bene遼cial,2,1,2.0
proven,2,1,2.0
misleading,1,1,1.0
probable,1,1,1.0
遼nd,9,2,4.5
풭r,1,1,1.0
풭iuiut,2,1,2.0
kq,1,1,1.0
frobenius,1,1,1.0
norm,3,1,3.0
columns,1,1,1.0
uj,5,1,5.0
onto,2,1,2.0
carries,1,1,1.0
projected,1,1,1.0
de遼ne,4,2,2.0
extend,2,2,1.0
prede遼ned,2,1,2.0
eigenvector,1,1,1.0
eq,7,1,7.0
singular,2,2,1.0
speci遼cally,6,2,3.0
sj,5,1,5.0
picking,4,1,4.0
calculating,5,2,2.5
틙,8,1,8.0
풦,5,2,2.5
uniform,10,2,5.0
simplicity,2,1,2.0
norms,1,1,1.0
consequence,1,1,1.0
execution,2,1,2.0
possibilities,1,1,1.0
employ,2,2,1.0
kernelized,1,1,1.0
recompute,1,1,1.0
obtaining,1,1,1.0
rest,6,3,2.0
zt,4,2,2.0
st,4,2,2.0
maps,1,1,1.0
derived,1,1,1.0
tt,2,1,2.0
targets,4,2,2.0
ytr,1,1,1.0
esting,1,1,1.0
yts,2,1,2.0
ktr,2,1,2.0
plane,1,1,1.0
preimages,1,1,1.0
methodological,1,1,1.0
formulated,4,2,2.0
pac,1,1,1.0
asymptotically,1,1,1.0
suf遼ciently,1,1,1.0
speci遼c,1,1,1.0
unfortunately,1,1,1.0
bounds,4,1,4.0
suiting,1,1,1.0
considerable,1,1,1.0
interest,2,2,1.0
devoted,1,1,1.0
ular,1,1,1.0
prominent,1,1,1.0
centred,8,1,8.0
kt,16,1,16.0
independent,1,1,1.0
fisher,2,1,2.0
property,2,1,2.0
closely,1,1,1.0
optimises,1,1,1.0
ki,9,1,9.0
submit,1,1,1.0
yj,1,1,1.0
otherwise,4,2,2.0
遼nding,2,1,2.0
changed,1,1,1.0
family,1,1,1.0
separate,1,1,1.0
tional,1,1,1.0
unaffected,1,1,1.0
kic,4,1,4.0
kc,2,1,2.0
maximised,1,1,1.0
re遼ect,2,2,1.0
criminant,1,1,1.0
depending,1,1,1.0
eters,1,1,1.0
풤,34,2,17.0
differentiability,1,1,1.0
ascent,1,1,1.0
maximise,1,1,1.0
constructed,1,1,1.0
k풤,7,1,7.0
arg,2,2,1.0
derivative,2,1,2.0
arbitrary,1,1,1.0
holds,1,1,1.0
simpli遼es,2,2,1.0
generalised,7,1,7.0
exp,5,2,2.5
tq,1,1,1.0
parametrised,2,1,2.0
utu,1,1,1.0
equivalently,1,1,1.0
restate,1,1,1.0
tutu,1,1,1.0
optimise,7,1,7.0
plicative,1,1,1.0
discouraging,1,1,1.0
developments,1,1,1.0
additive,1,1,1.0
log,10,2,5.0
multiplicative,1,1,1.0
stronger,1,1,1.0
estimation,2,2,1.0
spherical,11,1,11.0
slowly,1,1,1.0
usefulness,1,1,1.0
ical,3,2,1.5
optimised,15,1,15.0
summarising,1,1,1.0
fi,2,2,1.0
wo,1,1,1.0
contributions,2,2,1.0
analysing,5,1,5.0
giving,3,1,3.0
principled,1,1,1.0
unweighted,4,1,4.0
eighted,1,1,1.0
contribute,1,1,1.0
identi遼cation,1,1,1.0
anced,8,3,2.6666666666666665
committed,1,1,1.0
slack,1,1,1.0
primal,1,1,1.0
transformed,1,1,1.0
sz,2,1,2.0
signed,1,1,1.0
multinomial,1,1,1.0
췃i,1,1,1.0
picked,2,1,2.0
lying,1,1,1.0
preferred,6,1,6.0
bution,1,1,1.0
smoothed,1,1,1.0
extent,2,1,2.0
arguments,1,1,1.0
induce,3,2,1.5
mkl,13,1,13.0
遼x,1,1,1.0
픨k,3,1,3.0
遼exible,6,1,6.0
restricting,1,1,1.0
픨,2,1,2.0
align,1,1,1.0
obviated,1,1,1.0
quadratic,1,1,1.0
programming,2,1,2.0
qp,1,1,1.0
formation,2,2,1.0
appreciated,2,1,2.0
ta,2,2,1.0
lt,1,1,1.0
strati遼ed,1,1,1.0
dietterich,1,1,1.0
divide,2,2,1.0
elsewhere,1,1,1.0
repeated,1,1,1.0
seed,1,1,1.0
width,1,1,1.0
nested,2,1,2.0
minimise,1,1,1.0
acc,21,1,21.0
sponds,1,1,1.0
classi遼ed,5,2,2.5
遼cation,1,1,1.0
sake,2,1,2.0
outputting,1,1,1.0
sensitivities,1,1,1.0
sn,3,1,3.0
sidering,1,1,1.0
wisconsin,1,1,1.0
haberman,4,1,4.0
source,1,1,1.0
codes,1,1,1.0
matlab,2,2,1.0
website,2,1,2.0
iment,1,1,1.0
spectral,2,1,2.0
complement,2,1,2.0
proach,2,2,1.0
proposing,1,1,1.0
遼t,1,1,1.0
in遼uences,1,1,1.0
prone,2,1,2.0
apart,1,1,1.0
poorly,1,1,1.0
遼uctuations,1,1,1.0
osk,11,1,11.0
ogk,11,1,11.0
extracted,2,2,1.0
webpage,1,1,1.0
mcr,3,1,3.0
na,1,1,1.0
subsections,1,1,1.0
differentiated,1,1,1.0
abbreviation,1,1,1.0
meansd,1,1,1.0
sv,19,1,19.0
ois,14,1,14.0
oef,33,1,33.0
oref,16,1,16.0
tial,1,1,1.0
ocp,11,1,11.0
nel,1,1,1.0
op,11,1,11.0
bold,1,1,1.0
adequate,1,1,1.0
acronyms,1,1,1.0
遼oor,1,1,1.0
yielded,2,1,2.0
analysed,1,1,1.0
rankings,3,1,3.0
outperfomed,1,1,1.0
quantify,1,1,1.0
friedman,7,1,7.0
signi遼cance,22,2,11.0
rejects,1,1,1.0
con遼dence,3,1,3.0
interval,7,2,3.5
rejection,3,2,1.5
guidelines,1,1,1.0
paring,1,1,1.0
holm,10,1,10.0
statistics,2,2,1.0
ri,8,2,4.0
adjusts,2,2,1.0
sequentially,1,1,1.0
pk,1,1,1.0
compares,1,1,1.0
pi,8,1,8.0
signi遼cant,11,2,5.5
below,1,1,1.0
rejected,5,1,5.0
proceeds,1,1,1.0
soon,1,1,1.0
null,4,2,2.0
statistically,12,2,6.0
cms,1,1,1.0
corrected,3,1,3.0
cm,5,1,5.0
win,4,1,4.0
lose,4,1,4.0
decay,1,1,1.0
smoothness,1,1,1.0
interplay,1,1,1.0
histogram,6,1,6.0
enough,3,2,1.5
mensionality,1,1,1.0
bear,2,2,1.0
erties,1,1,1.0
phenomenon,2,1,2.0
abscissa,2,1,2.0
axis,4,1,4.0
ordinate,2,1,2.0
precise,1,1,1.0
occurrence,1,1,1.0
obtains,3,1,3.0
compromising,1,1,1.0
possibly,2,1,2.0
unwanted,1,1,1.0
encouraging,1,1,1.0
遼rstly,3,2,1.5
secondly,3,1,3.0
irprop,1,1,1.0
aforementioned,2,2,1.0
stopping,2,2,1.0
conjugate,1,1,1.0
풥,2,1,2.0
initialisation,1,1,1.0
initialised,1,1,1.0
pseudoinverse,1,1,1.0
cov,1,1,1.0
satisfactory,2,2,1.0
demonstrating,1,1,1.0
condition,2,2,1.0
comparable,1,1,1.0
infeasible,1,1,1.0
ploying,1,1,1.0
parametrisation,1,1,1.0
posed,1,1,1.0
larly,1,1,1.0
plied,1,1,1.0
viii,5,2,2.5
preferable,2,1,2.0
slightly,1,1,1.0
interior,1,1,1.0
relatively,2,2,1.0
feasible,1,1,1.0
oefs,2,1,2.0
opmkl,2,1,2.0
seconds,3,2,1.5
beta,2,2,1.0
coordinate,1,1,1.0
affordable,1,1,1.0
explores,1,1,1.0
thirdly,1,1,1.0
great,3,2,1.5
stress,1,1,1.0
incorporated,1,1,1.0
stephen,1,1,1.0
tematic,1,1,1.0
arti遼cial,10,2,5.0
ang,2,2,1.0
krasser,1,1,1.0
modeling,1,1,1.0
art,3,2,1.5
aradigms,1,1,1.0
bangkok,2,1,2.0
thailand,2,1,2.0
april,2,1,2.0
kong,2,1,2.0
barua,2,1,2.0
islam,2,1,2.0
murase,2,1,2.0
shanghai,1,1,1.0
nov,3,1,3.0
ao,1,1,1.0
mwmote,1,1,1.0
fern,2,1,2.0
gantner,1,1,1.0
national,2,2,1.0
barcelona,1,1,1.0
boser,1,1,1.0
guyon,1,1,1.0
apnik,2,1,2.0
orkshop,1,1,1.0
pittsburgh,2,1,2.0
cortes,2,1,2.0
regularization,2,1,2.0
usa,7,2,3.5
mit,3,2,1.5
sch,2,1,2.0
mika,1,1,1.0
burges,1,1,1.0
knirsch,1,1,1.0
xiong,2,1,2.0
swamy,1,1,1.0
ahmad,1,1,1.0
optimizing,2,2,1.0
march,2,2,1.0
kandola,1,1,1.0
elisseeff,1,1,1.0
aylor,1,1,1.0
ancouver,2,1,2.0
mohri,1,1,1.0
rostamizadeh,1,1,1.0
centered,1,1,1.0
akbani,1,1,1.0
kwek,1,1,1.0
pisa,1,1,1.0
italy,1,1,1.0
asia,1,1,1.0
singapore,1,1,1.0
kang,1,1,1.0
cho,1,1,1.0
eus,1,1,1.0
harris,2,2,1.0
kba,2,2,1.0
ering,1,1,1.0
june,3,1,3.0
conformal,1,1,1.0
wentieth,1,1,1.0
ashington,1,1,1.0
uan,1,1,1.0
johnson,1,1,1.0
riess,1,1,1.0
reading,1,1,1.0
mass,1,1,1.0
esley,1,1,1.0
pub,1,1,1.0
kwok,1,1,1.0
tsang,1,1,1.0
braun,1,1,1.0
buhmann,1,1,1.0
connection,1,1,1.0
operators,1,1,1.0
jun,9,2,4.5
ledoux,1,1,1.0
ser,1,1,1.0
surveys,1,1,1.0
monographs,1,1,1.0
mathematical,2,2,1.0
giannopoulos,1,1,1.0
milman,1,1,1.0
abe,1,1,1.0
onishi,1,1,1.0
squares,2,2,1.0
regressors,1,1,1.0
san,1,1,1.0
sebasti,1,1,1.0
kernelization,1,1,1.0
attern,3,1,3.0
nanjing,1,1,1.0
ramona,1,1,1.0
richard,1,1,1.0
david,1,1,1.0
criteria,4,2,2.0
lanckriet,1,1,1.0
bartlett,1,1,1.0
ghaoui,1,1,1.0
jordan,1,1,1.0
srebro,1,1,1.0
chines,2,2,1.0
vailable,1,1,1.0
ence,2,2,1.0
garc,1,1,1.0
eusboost,1,1,1.0
enhancing,1,1,1.0
demsar,1,1,1.0
igel,1,1,1.0
rprop,1,1,1.0
neurocomputing,1,1,1.0
chapelle,1,1,1.0
rakotomamonjy,1,1,1.0
ramoboost,136,1,136.0
ranked,14,1,14.0
sheng,2,1,2.0
haibo,2,1,2.0
edwardo,2,1,2.0
attracted,2,1,2.0
academia,1,1,1.0
industry,1,1,1.0
explosive,1,1,1.0
struggle,1,1,1.0
ef遼ciency,1,1,1.0
ramo,10,1,10.0
brie遼y,3,1,3.0
ranks,4,1,4.0
minori,2,2,1.0
ty,2,2,1.0
assessment,15,1,15.0
simulation,30,1,30.0
ntroduction,1,1,1.0
da,1,1,1.0
criti,1,1,1.0
cal,1,1,1.0
today,1,1,1.0
遼nancial,1,1,1.0
anom,1,1,1.0
aly,1,1,1.0
biomedical,4,1,4.0
raw,1,1,1.0
captured,1,1,1.0
monitor,1,1,1.0
continue,1,1,1.0
grow,1,1,1.0
incredible,1,1,1.0
enhances,1,1,1.0
computationally,1,1,1.0
amounts,1,1,1.0
opportunities,2,1,2.0
raise,1,1,1.0
ances,2,1,2.0
icant,1,1,1.0
dif遼culties,1,1,1.0
manuscript,1,1,1.0
february,1,1,1.0
revised,1,1,1.0
november,1,1,1.0
august,4,1,4.0
date,2,1,2.0
electrical,7,1,7.0
stevens,5,1,5.0
institute,5,1,5.0
hoboken,4,1,4.0
nj,4,1,4.0
egarcia,1,1,1.0
rhode,2,1,2.0
island,2,1,2.0
kingston,2,1,2.0
color,1,1,1.0
遼gures,2,1,2.0
identi遼er,1,1,1.0
physics,2,1,2.0
just,3,1,3.0
manifests,1,1,1.0
itself,3,1,3.0
absolute,6,1,6.0
exampl,1,1,1.0
de遼nitively,1,1,1.0
scarce,1,1,1.0
underrepresented,1,1,1.0
indicative,1,1,1.0
outnumbere,1,1,1.0
insuf遼cient,2,1,2.0
exa,1,1,1.0
mples,1,1,1.0
veri遼ed,1,1,1.0
homogeneous,1,1,1.0
logically,1,1,1.0
follow,2,1,2.0
adept,1,1,1.0
spectrum,1,1,1.0
facilitate,4,1,4.0
datase,2,2,1.0
ts,2,2,1.0
tematically,1,1,1.0
integrating,1,1,1.0
dure,1,1,1.0
assesses,1,1,1.0
organize,1,1,1.0
discuss,2,1,2.0
ieeechen,1,1,1.0
elated,1,1,1.0
comprehensive,2,1,2.0
interested,3,1,3.0
readers,1,1,1.0
activity,1,1,1.0
building,1,1,1.0
pling,3,2,1.5
oped,1,1,1.0
over遼tting,2,1,2.0
nique,1,1,1.0
interpolations,1,1,1.0
expanding,1,1,1.0
locates,2,1,2.0
reside,2,1,2.0
borders,1,1,1.0
junction,1,1,1.0
jittering,1,1,1.0
estimate,2,1,2.0
asymmetric,3,1,3.0
referring,1,1,1.0
assigns,4,1,4.0
misclassi遼ed,2,1,2.0
loop,5,1,5.0
遼elds,2,1,2.0
eral,1,1,1.0
fac,1,1,1.0
ilitate,1,1,1.0
maximizing,1,1,1.0
gorithm,2,2,1.0
construction,2,1,2.0
orthogonal,2,1,2.0
ward,1,1,1.0
optimize,1,1,1.0
regularized,1,1,1.0
maximal,1,1,1.0
unl,1,1,1.0
abeled,1,1,1.0
fo,2,1,2.0
遼xed,1,1,1.0
disambiguation,2,1,2.0
wsd,2,1,2.0
alleviate,1,1,1.0
complications,2,1,2.0
ramob,13,1,13.0
oost,24,1,24.0
ntegration,1,1,1.0
preliminaries,1,1,1.0
quantizing,1,1,1.0
culty,1,1,1.0
accord,2,1,2.0
intuitive,1,1,1.0
ocate,1,1,1.0
featur,1,1,1.0
distanced,1,1,1.0
illustrates,2,1,2.0
遼gure,4,1,4.0
stars,1,1,1.0
circles,2,1,2.0
sents,1,1,1.0
calculated,4,1,4.0
ef遼cient,2,1,2.0
遼aw,3,1,3.0
ex,1,1,1.0
ist,1,1,1.0
beco,1,1,1.0
mes,1,1,1.0
complicated,1,1,1.0
examination,1,1,1.0
calculation,4,1,4.0
uitive,1,1,1.0
decide,3,1,3.0
infor,1,1,1.0
mative,1,1,1.0
euclid,1,1,1.0
ean,1,1,1.0
tuitive,1,1,1.0
xi틙,1,1,1.0
locate,1,1,1.0
dist,1,1,1.0
ance,6,2,3.0
stead,1,1,1.0
highlighted,6,1,6.0
surrounded,1,1,1.0
dashed,1,1,1.0
ther,1,1,1.0
located,2,1,2.0
force,1,1,1.0
遼nal,6,1,6.0
dif遼culty,1,1,1.0
specifying,1,1,1.0
mechanism,8,1,8.0
determi,1,1,1.0
ne,2,2,1.0
presenting,2,1,2.0
proportions,1,1,1.0
identi遼ed,1,1,1.0
length,1,1,1.0
multiplying,1,1,1.0
xnew,1,1,1.0
틙xi,3,1,3.0
exam,1,1,1.0
di,7,1,7.0
stribution,1,1,1.0
erpolation,1,1,1.0
틙ri,5,1,5.0
rion,1,1,1.0
automatically,1,1,1.0
normalized,2,1,2.0
differen,1,1,1.0
determinechen,1,1,1.0
ajority,1,1,1.0
normalizes,1,1,1.0
pro,1,1,1.0
cess,1,1,1.0
twofold,1,1,1.0
adjustment,1,1,1.0
shifts,1,1,1.0
rithms,3,2,1.5
facilitates,1,1,1.0
tively,1,1,1.0
indiscriminately,1,1,1.0
evaluates,1,1,1.0
greatly,1,1,1.0
bene遼t,2,1,2.0
of遼cially,1,1,1.0
describing,1,1,1.0
readability,1,1,1.0
lieu,1,1,1.0
replicated,1,1,1.0
th,2,1,2.0
ht,7,1,7.0
dt,8,1,8.0
boost,7,1,7.0
ym,1,1,1.0
minor,1,1,1.0
identity,1,1,1.0
iterations,3,1,3.0
scaling,2,1,2.0
coef遼cient,2,1,2.0
initialize,1,1,1.0
mislabeled,3,1,3.0
get,4,1,4.0
back,3,1,3.0
se,4,1,4.0
slice,1,1,1.0
mlt,1,1,1.0
mst,3,1,3.0
풦i,2,1,2.0
normalize,2,1,2.0
gt,3,1,3.0
fs,1,1,1.0
emst,1,1,1.0
inter,1,1,1.0
polation,1,1,1.0
풧t,3,1,3.0
쑚,2,1,2.0
constant,1,1,1.0
inal,4,2,2.0
anism,1,1,1.0
components,1,1,1.0
updated,1,1,1.0
tth,1,1,1.0
sively,1,1,1.0
meanwhile,1,1,1.0
shares,2,1,2.0
randomized,1,1,1.0
multiplied,1,1,1.0
systematic,2,1,2.0
learnability,1,1,1.0
concretely,1,1,1.0
universally,1,1,1.0
cally,1,1,1.0
derlying,1,1,1.0
manner,3,1,3.0
approves,1,1,1.0
dictates,1,1,1.0
ploys,1,1,1.0
excessively,1,1,1.0
phasizing,1,1,1.0
magnify,1,1,1.0
depreciation,1,1,1.0
attenuated,1,1,1.0
plus,1,1,1.0
shapes,1,1,1.0
instant,1,1,1.0
suggestions,2,1,2.0
increasechen,1,1,1.0
outputy,4,1,4.0
distribu,2,1,2.0
mi,2,2,1.0
nority,3,2,1.5
dis,1,1,1.0
tribution,1,1,1.0
jority,1,1,1.0
deteriorates,1,1,1.0
observe,1,1,1.0
lowest,1,1,1.0
con遼rm,2,1,2.0
cantly,1,1,1.0
gence,1,1,1.0
stepwise,1,1,1.0
hardest,1,1,1.0
discriminate,1,1,1.0
incorrect,1,1,1.0
distinguishable,1,1,1.0
enables,1,1,1.0
broken,1,1,1.0
extract,1,1,1.0
suf遼cient,2,1,2.0
belief,1,1,1.0
iterate,1,1,1.0
epochs,3,1,3.0
employing,1,1,1.0
generatin,1,1,1.0
initialized,1,1,1.0
decomposed,1,1,1.0
euc,1,1,1.0
lidean,1,1,1.0
mn,2,1,2.0
sorting,1,1,1.0
calculations,2,1,2.0
ascending,1,1,1.0
e遼,1,1,1.0
items,1,1,1.0
sorted,2,1,2.0
approximately,3,1,3.0
calcula,1,1,1.0
altogether,1,1,1.0
np,1,1,1.0
simpli遼ed,1,1,1.0
summarize,1,1,1.0
conduct,1,1,1.0
simulations,7,1,7.0
datas,2,2,1.0
sonar,7,1,7.0
spambase,7,1,7.0
ionosphere,9,1,9.0
pid,7,1,7.0
german,9,1,9.0
texture,8,1,8.0
vow,7,1,7.0
letter,11,1,11.0
linesmote,1,1,1.0
con遼gured,2,1,2.0
hidden,3,1,3.0
layer,3,1,3.0
neurons,5,1,5.0
sigmoid,1,1,1.0
activation,1,1,1.0
inner,1,1,1.0
scattered,1,1,1.0
hinder,1,1,1.0
converging,1,1,1.0
acceleration,1,1,1.0
comparative,28,1,28.0
elena,2,1,2.0
modi遼ed,1,1,1.0
modi遼cations,1,1,1.0
conventional,1,1,1.0
overallchen,1,1,1.0
rock,1,1,1.0
metal,1,1,1.0
cylinder,1,1,1.0
spam,1,1,1.0
legitimate,1,1,1.0
bad,2,1,2.0
opel,1,1,1.0
saas,1,1,1.0
bus,1,1,1.0
brickface,1,1,1.0
sky,1,1,1.0
foliage,1,1,1.0
cement,1,1,1.0
window,1,1,1.0
path,1,1,1.0
horizontal,1,1,1.0
graphic,1,1,1.0
vertical,5,1,5.0
picture,1,1,1.0
damp,2,1,2.0
cotton,1,1,1.0
vegetation,1,1,1.0
stubble,1,1,1.0
digit,1,1,1.0
digits,1,1,1.0
tableware,1,1,1.0
pox,1,1,1.0
cyt,1,1,1.0
letters,1,1,1.0
fpv,2,1,2.0
rad,1,1,1.0
flow,1,1,1.0
bypass,1,1,1.0
bpv,2,1,2.0
oa,7,1,7.0
na칦ve,1,1,1.0
suc,1,1,1.0
misclassi遼es,1,1,1.0
遼ve,2,1,2.0
appli,1,1,1.0
cations,1,1,1.0
adopted,3,1,3.0
plotting,1,1,1.0
tps,1,1,1.0
seri,1,1,1.0
performances,2,1,2.0
quali遼ed,1,1,1.0
averaging,5,1,5.0
misclassi遼cation,1,1,1.0
dependent,1,1,1.0
decided,1,1,1.0
averaged,33,1,33.0
undesired,1,1,1.0
subjectivity,1,1,1.0
decoupling,1,1,1.0
simulate,1,1,1.0
ensures,1,1,1.0
objectivity,1,1,1.0
reader,1,1,1.0
met,1,1,1.0
rics,1,1,1.0
plot,1,1,1.0
illustrated,1,1,1.0
evenly,2,1,2.0
intervals,2,1,2.0
eva,2,2,1.0
uat,1,1,1.0
nmetrics,1,1,1.0
borderlinesmote,48,1,48.0
vowel,1,1,1.0
aver,1,1,1.0
aging,1,1,1.0
borerlinesmote,1,1,1.0
adacostsmote,1,1,1.0
adas,1,1,1.0
yn,1,1,1.0
satim,1,1,1.0
simula,20,1,20.0
ignificance,12,1,12.0
etween,8,1,8.0
smoteb,11,1,11.0
wilcoxon,6,1,6.0
commensurability,1,1,1.0
ferences,1,1,1.0
qualitatively,1,1,1.0
magnitudes,1,1,1.0
exceptionally,1,1,1.0
suppose,1,1,1.0
gorithms,1,1,1.0
ith,2,2,1.0
solute,1,1,1.0
tied,1,1,1.0
conclude,2,1,2.0
dacost,9,1,9.0
orderline,10,1,10.0
omek,10,1,10.0
erformance,6,1,6.0
querying,1,1,1.0
accessed,1,1,1.0
symbol,3,1,3.0
signi遼es,1,1,1.0
quantitatively,1,1,1.0
underscoring,1,1,1.0
sen,1,1,1.0
suggestion,2,1,2.0
integer,1,1,1.0
pairwise,1,1,1.0
ative,1,1,1.0
ten,15,1,15.0
snapshots,1,1,1.0
graphs,3,1,3.0
ix,4,1,4.0
xii,2,1,2.0
rati,6,1,6.0
cp,4,1,4.0
charateristics,1,1,1.0
aggressively,1,1,1.0
stands,1,1,1.0
rithm,1,1,1.0
outperformchen,1,1,1.0
xiii,2,1,2.0
xiv,2,1,2.0
olicy,1,1,1.0
balone,1,1,1.0
atas,1,1,1.0
xv,3,1,3.0
xvi,2,1,2.0
reject,2,1,2.0
pothesis,1,1,1.0
proves,1,1,1.0
omitted,1,1,1.0
outperforms,1,1,1.0
feel,1,1,1.0
refrain,1,1,1.0
wrapped,1,1,1.0
named,1,1,1.0
formance,1,1,1.0
considerations,3,1,3.0
winning,2,1,2.0
demonstrates,1,1,1.0
fair,1,1,1.0
remained,1,1,1.0
investigating,3,1,3.0
retain,1,1,1.0
eci遼cally,1,1,1.0
consolidating,1,1,1.0
emaining,1,1,1.0
verify,1,1,1.0
ni遼cance,1,1,1.0
intel,1,1,1.0
core,1,1,1.0
duo,1,1,1.0
cpu,1,1,1.0
ghz,1,1,1.0
runtime,1,1,1.0
iterates,1,1,1.0
ata,2,2,1.0
repeatedly,1,1,1.0
cleared,1,1,1.0
diff,1,1,1.0
erent,1,1,1.0
con遼gurations,2,1,2.0
con遼guration,1,1,1.0
scribed,1,1,1.0
overs,1,1,1.0
ampling,1,1,1.0
progressively,1,1,1.0
displays,1,1,1.0
undoubtedly,1,1,1.0
evaluatechen,1,1,1.0
xvii,2,1,2.0
xviii,2,1,2.0
xix,2,1,2.0
xx,2,1,2.0
ased,1,1,1.0
versatile,2,1,2.0
manipulate,1,1,1.0
concludes,1,1,1.0
unpredictably,1,1,1.0
investigate,1,1,1.0
manually,2,1,2.0
xxi,2,1,2.0
xxii,2,1,2.0
xxiii,2,1,2.0
corrupted,1,1,1.0
accordance,1,1,1.0
corrupt,1,1,1.0
tha,2,2,1.0
hi,1,1,1.0
ghlighted,1,1,1.0
underscored,1,1,1.0
exte,1,1,1.0
rnal,1,1,1.0
noises,1,1,1.0
competitiveness,1,1,1.0
onclusion,1,1,1.0
shifting,1,1,1.0
stances,6,2,3.0
continuous,1,1,1.0
nominal,1,1,1.0
adopting,1,1,1.0
plicability,1,1,1.0
alternatives,1,1,1.0
eligible,1,1,1.0
worthy,1,1,1.0
ko켹cz,2,1,2.0
editorial,2,1,2.0
ments,3,2,1.5
mar,1,1,1.0
clearwater,1,1,1.0
stern,1,1,1.0
program,1,1,1.0
phys,1,1,1.0
commun,1,1,1.0
newslett,4,1,4.0
dm,1,1,1.0
yo,1,1,1.0
alancing,1,1,1.0
probabilistic,1,1,1.0
mexican,1,1,1.0
viktor,1,1,1.0
mease,1,1,1.0
wyner,1,1,1.0
buja,1,1,1.0
boosted,1,1,1.0
yuan,1,1,1.0
annu,2,1,2.0
santa,1,1,1.0
barbara,1,1,1.0
vasconcelos,1,1,1.0
corvallis,1,1,1.0
viola,1,1,1.0
jones,1,1,1.0
detector,1,1,1.0
cascade,1,1,1.0
genera,1,1,1.0
brighton,1,1,1.0
ertekin,2,1,2.0
bottou,1,1,1.0
giles,2,1,2.0
inform,3,1,3.0
manage,1,1,1.0
lisbon,1,1,1.0
portugal,1,1,1.0
sigir,1,1,1.0
amsterdam,1,1,1.0
netherlands,1,1,1.0
hovy,1,1,1.0
computat,1,1,1.0
lang,1,1,1.0
prague,1,1,1.0
czech,1,1,1.0
republic,1,1,1.0
sci,1,1,1.0
addressi,1,1,1.0
martinze,1,1,1.0
hervas,1,1,1.0
gutierrez,1,1,1.0
memetic,1,1,1.0
pareto,1,1,1.0
netw,2,1,2.0
muhlbaier,1,1,1.0
topalis,1,1,1.0
polikar,1,1,1.0
dynamically,1,1,1.0
incremental,1,1,1.0
shen,2,1,2.0
utions,1,1,1.0
apr,2,1,2.0
yao,1,1,1.0
maybank,1,1,1.0
gene,1,1,1.0
expression,1,1,1.0
ftp,1,1,1.0
notes,1,1,1.0
hp,1,1,1.0
palo,1,1,1.0
alto,1,1,1.0
tech,1,1,1.0
nos,1,1,1.0
visualization,1,1,1.0
newport,1,1,1.0
beach,1,1,1.0
measuring,1,1,1.0
coherent,1,1,1.0
corder,1,1,1.0
foreman,1,1,1.0
nonparametric,1,1,1.0
york,3,1,3.0
dem코ar,1,1,1.0
opitz,1,1,1.0
maclin,1,1,1.0
breiman,1,1,1.0
arcing,1,1,1.0
cieslak,1,1,1.0
joshi,1,1,1.0
ically,1,1,1.0
countering,1,1,1.0
anyfantis,1,1,1.0
karagiannopoulos,1,1,1.0
ifip,1,1,1.0
federation,1,1,1.0
huazhong,2,1,2.0
wuhan,2,1,2.0
pursuing,1,1,1.0
partment,2,1,2.0
interests,3,1,3.0
grees,1,1,1.0
versity,1,1,1.0
ohio,1,1,1.0
athens,1,1,1.0
assistant,2,1,2.0
neering,1,1,1.0
sys,1,1,1.0
tems,1,1,1.0
putational,1,1,1.0
smart,2,1,2.0
sensor,1,1,1.0
programmable,1,1,1.0
gate,1,1,1.0
array,1,1,1.0
served,2,1,2.0
regularly,1,1,1.0
organizing,1,1,1.0
committees,1,1,1.0
guest,1,1,1.0
editor,3,1,3.0
journals,1,1,1.0
theoretical,1,1,1.0
electronic,1,1,1.0
board,1,1,1.0
ciate,1,1,1.0
ransactions,1,1,1.0
biologically,1,1,1.0
inspired,1,1,1.0
neuroscience,1,1,1.0
agnostics,1,1,1.0
magnetic,1,1,1.0
resonance,1,1,1.0
imaging,1,1,1.0
isting,1,1,1.0
experi,1,1,1.0
ost,1,1,1.0
dia,1,1,1.0
gnosis,1,1,1.0
imbal,2,1,2.0
augm,1,1,1.0
entation,1,1,1.0
dat,2,1,2.0
sol,1,1,1.0
ve,3,1,3.0
xisting,1,1,1.0
counterfac,2,1,2.0
tual,3,1,3.0
backs,1,1,1.0
taset,2,1,2.0
moves,1,1,1.0
lems,1,1,1.0
reated,1,1,1.0
lating,1,1,1.0
creat,1,1,1.0
nally,1,1,1.0
consi,1,1,1.0
deration,1,1,1.0
exi,1,1,1.0
fying,1,1,1.0
importanc,1,1,1.0
ana,1,1,1.0
lyze,1,1,1.0
portant,1,1,1.0
ns,1,1,1.0
spac,1,1,1.0
butions,1,1,1.0
lass,2,1,2.0
dled,1,1,1.0
classificati,1,1,1.0
sified,1,1,1.0
synthet,1,1,1.0
ic,1,1,1.0
ary,1,1,1.0
imilar,1,1,1.0
ods,3,1,3.0
insta,2,1,2.0
nce,1,1,1.0
differe,1,1,1.0
nt,1,1,1.0
proaches,1,1,1.0
sm,2,1,2.0
ote,1,1,1.0
planation,1,1,1.0
quested,1,1,1.0
nam,1,1,1.0
stance,2,1,2.0
bec,1,1,1.0
ause,1,1,1.0
randoml,1,1,1.0
bala,1,1,1.0
nces,2,1,2.0
instanc,2,1,2.0
verse,1,1,1.0
ethods,1,1,1.0
quential,1,1,1.0
fea,1,1,1.0
sion,2,1,2.0
zation,1,1,1.0
counterfact,1,1,1.0
counte,1,1,1.0
factuals,2,1,2.0
howe,2,1,2.0
ver,2,1,2.0
generat,1,1,1.0
rained,1,1,1.0
propos,1,1,1.0
gether,1,1,1.0
invol,2,1,2.0
ved,2,1,2.0
narios,1,1,1.0
variabl,1,1,1.0
diation,1,1,1.0
cordingly,1,1,1.0
disrupted,1,1,1.0
ethod,1,1,1.0
probl,1,1,1.0
em,1,1,1.0
ulating,1,1,1.0
observati,1,1,1.0
luation,1,1,1.0
ory,1,1,1.0
usi,2,1,2.0
thi,1,1,1.0
ature,2,1,2.0
tually,1,1,1.0
teratively,1,1,1.0
洧,1,1,1.0
didate,1,1,1.0
matc,1,1,1.0
omputes,1,1,1.0
mea,1,1,1.0
factual,1,1,1.0
yth,1,1,1.0
terfactuals,3,1,3.0
nstances,1,1,1.0
me,1,1,1.0
thod,1,1,1.0
tween,1,1,1.0
oversam,1,1,1.0
rsb,2,1,2.0
selecti,1,1,1.0
gainst,1,1,1.0
ysis,1,1,1.0
classe,1,1,1.0
tracted,1,1,1.0
subs,1,1,1.0
mately,1,1,1.0
augmentati,2,1,2.0
als,1,1,1.0
洧녵洧노洧洧뉧롐,1,1,1.0
stu,1,1,1.0
洧냤,1,1,1.0
洧멇롐럻롐뙗롐洧뉧롐,2,1,2.0
洧녩洧녫洧노洧녰洧녺洧녩洧노洧녰洧녶洧녵,1,1,1.0
洧녩洧녳洧녷뀛롐,1,1,1.0
negati,1,1,1.0
curacy,1,1,1.0
experime,1,1,1.0
nts,1,1,1.0
洧녠洧뉧롐넗롐뀛롐뙗롐,1,1,1.0
洧냧洧녜,1,1,1.0
洧녞洧洧뉧롐넗롐뒳롐멇롐뒳롐럻롐,1,1,1.0
洧냧洧녞,1,1,1.0
洧냧j,1,1,1.0
洧녷洧洧뉧롐넗롐뒳롐멇롐뒳롐럻롐,2,1,2.0
洧洧뉧롐넗롐뀛롐뙗롐,2,1,2.0
洧녢洧녜,1,1,1.0
bles,1,1,1.0
mote,1,1,1.0
ach,1,1,1.0
sifier,1,1,1.0
provement,1,1,1.0
xt,1,1,1.0
au,1,1,1.0
highes,1,1,1.0
smot,1,1,1.0
nteresting,1,1,1.0
ets,1,1,1.0
pecificity,1,1,1.0
ent,1,1,1.0
augmenta,2,1,2.0
sults,1,1,1.0
gure,1,1,1.0
tained,1,1,1.0
planatory,1,1,1.0
tuals,2,1,2.0
howed,1,1,1.0
cla,1,1,1.0
ss,1,1,1.0
ates,1,1,1.0
apa,1,1,1.0
rtment,1,1,1.0
bathrooms,1,1,1.0
hrooms,1,1,1.0
ase,1,1,1.0
hey,1,1,1.0
rences,1,1,1.0
ship,1,1,1.0
ry,1,1,1.0
apoints,1,1,1.0
verely,1,1,1.0
tes,1,1,1.0
ted,1,1,1.0
minim,1,1,1.0
fe,1,1,1.0
cated,1,1,1.0
clearl,1,1,1.0
soning,1,1,1.0
ants,1,1,1.0
counterfactua,1,1,1.0
neare,1,1,1.0
tic,1,1,1.0
ceedings,1,1,1.0
sampl,1,1,1.0
classific,1,1,1.0
ation,1,1,1.0
evolutional,1,1,1.0
ly,1,1,1.0
lection,1,1,1.0
brid,1,1,1.0
